StromnetzTyp,MastTyp,Anzahl,Datum
Allgemeinstrom,Abspannmast,7519,2023-06-21
Allgemeinstrom,Endmast,442,2023-06-21
Allgemeinstrom,Tragmast,11388,2023-06-21
Allgemeinstrom,Abspannmast,7519,2023-06-27
Allgemeinstrom,Endmast,442,2023-06-27
Allgemeinstrom,Tragmast,11388,2023-06-27
Allgemeinstrom,Abspannmast,7519,2023-06-28
Allgemeinstrom,Endmast,442,2023-06-28
Allgemeinstrom,Tragmast,11388,2023-06-28
Allgemeinstrom,Abspannmast,8013,2023-06-29
Allgemeinstrom,Endmast,442,2023-06-29
Allgemeinstrom,Tragmast,12536,2023-06-29
Allgemeinstrom,Abspannmast,8013,2023-06-30
Allgemeinstrom,Endmast,442,2023-06-30
Allgemeinstrom,Tragmast,12536,2023-06-30
Allgemeinstrom,Abspannmast,8013,2023-07-01
Allgemeinstrom,Endmast,442,2023-07-01
Allgemeinstrom,Tragmast,12536,2023-07-01
Allgemeinstrom,Abspannmast,8013,2023-07-02
Allgemeinstrom,Endmast,442,2023-07-02
Allgemeinstrom,Tragmast,12536,2023-07-02
Allgemeinstrom,Abspannmast,8013,2023-07-03
Allgemeinstrom,Endmast,442,2023-07-03
Allgemeinstrom,Tragmast,12536,2023-07-03
Allgemeinstrom,Abspannmast,8013,2023-07-04
Allgemeinstrom,Endmast,442,2023-07-04
Allgemeinstrom,Tragmast,12536,2023-07-04
Allgemeinstrom,Abspannmast,8013,2023-07-05
Allgemeinstrom,Endmast,442,2023-07-05
Allgemeinstrom,Tragmast,12536,2023-07-05
Allgemeinstrom,Abspannmast,8013,2023-07-06
Allgemeinstrom,Endmast,442,2023-07-06
Allgemeinstrom,Tragmast,12536,2023-07-06
Allgemeinstrom,Abspannmast,8013,2023-07-07
Allgemeinstrom,Endmast,442,2023-07-07
Allgemeinstrom,Tragmast,12536,2023-07-07
Allgemeinstrom,Abspannmast,8013,2023-07-08
Allgemeinstrom,Endmast,442,2023-07-08
Allgemeinstrom,Tragmast,12735,2023-07-08
Allgemeinstrom,Abspannmast,8013,2023-07-09
Allgemeinstrom,Endmast,442,2023-07-09
Allgemeinstrom,Tragmast,12735,2023-07-09
Allgemeinstrom,Abspannmast,8013,2023-07-10
Allgemeinstrom,Endmast,442,2023-07-10
Allgemeinstrom,Tragmast,12735,2023-07-10
Allgemeinstrom,Abspannmast,8013,2023-07-11
Allgemeinstrom,Endmast,442,2023-07-11
Allgemeinstrom,Tragmast,12735,2023-07-11
Allgemeinstrom,Abspannmast,8013,2023-07-12
Allgemeinstrom,Endmast,442,2023-07-12
Allgemeinstrom,Tragmast,12735,2023-07-12
Allgemeinstrom,Abspannmast,8013,2023-07-13
Allgemeinstrom,Endmast,442,2023-07-13
Allgemeinstrom,Tragmast,12735,2023-07-13
Allgemeinstrom,Abspannmast,8332,2023-07-14
Allgemeinstrom,Endmast,442,2023-07-14
Allgemeinstrom,Tragmast,13249,2023-07-14
Allgemeinstrom,Abspannmast,8332,2023-07-15
Allgemeinstrom,Endmast,442,2023-07-15
Allgemeinstrom,Tragmast,13249,2023-07-15
Allgemeinstrom,Abspannmast,8332,2023-07-16
Allgemeinstrom,Endmast,442,2023-07-16
Allgemeinstrom,Tragmast,13249,2023-07-16
Allgemeinstrom,Abspannmast,8332,2023-07-17
Allgemeinstrom,Endmast,442,2023-07-17
Allgemeinstrom,Tragmast,13249,2023-07-17
Allgemeinstrom,Abspannmast,8332,2023-07-18
Allgemeinstrom,Endmast,442,2023-07-18
Allgemeinstrom,Tragmast,13249,2023-07-18
Allgemeinstrom,Abspannmast,8332,2023-07-19
Allgemeinstrom,Endmast,442,2023-07-19
Allgemeinstrom,Tragmast,13249,2023-07-19
Allgemeinstrom,Abspannmast,8332,2023-07-20
Allgemeinstrom,Endmast,442,2023-07-20
Allgemeinstrom,Tragmast,13249,2023-07-20
Allgemeinstrom,Abspannmast,8332,2023-07-21
Allgemeinstrom,Endmast,442,2023-07-21
Allgemeinstrom,Tragmast,13249,2023-07-21
Allgemeinstrom,Abspannmast,8332,2023-07-22
Allgemeinstrom,Endmast,442,2023-07-22
Allgemeinstrom,Tragmast,13249,2023-07-22
Allgemeinstrom,Abspannmast,8332,2023-07-23
Allgemeinstrom,Endmast,442,2023-07-23
Allgemeinstrom,Tragmast,13249,2023-07-23
Allgemeinstrom,Abspannmast,8332,2023-07-24
Allgemeinstrom,Endmast,442,2023-07-24
Allgemeinstrom,Tragmast,13249,2023-07-24
Allgemeinstrom,Abspannmast,8332,2023-07-25
Allgemeinstrom,Endmast,442,2023-07-25
Allgemeinstrom,Tragmast,13249,2023-07-25
Allgemeinstrom,Abspannmast,8332,2023-07-26
Allgemeinstrom,Endmast,442,2023-07-26
Allgemeinstrom,Tragmast,13249,2023-07-26
Allgemeinstrom,Abspannmast,8332,2023-07-27
Allgemeinstrom,Endmast,442,2023-07-27
Allgemeinstrom,Tragmast,13249,2023-07-27
Allgemeinstrom,Abspannmast,8332,2023-07-28
Allgemeinstrom,Endmast,442,2023-07-28
Allgemeinstrom,Tragmast,13249,2023-07-28
Allgemeinstrom,Abspannmast,8332,2023-07-29
Allgemeinstrom,Endmast,442,2023-07-29
Allgemeinstrom,Tragmast,13249,2023-07-29
Allgemeinstrom,Abspannmast,8332,2023-07-30
Allgemeinstrom,Endmast,442,2023-07-30
Allgemeinstrom,Tragmast,13249,2023-07-30
Allgemeinstrom,Abspannmast,8332,2023-07-31
Allgemeinstrom,Endmast,442,2023-07-31
Allgemeinstrom,Tragmast,13249,2023-07-31
Allgemeinstrom,Abspannmast,8332,2023-08-01
Allgemeinstrom,Endmast,442,2023-08-01
Allgemeinstrom,Tragmast,13249,2023-08-01
Allgemeinstrom,Abspannmast,8332,2023-08-02
Allgemeinstrom,Endmast,442,2023-08-02
Allgemeinstrom,Tragmast,13249,2023-08-02
Allgemeinstrom,Abspannmast,8332,2023-08-03
Allgemeinstrom,Endmast,442,2023-08-03
Allgemeinstrom,Tragmast,13249,2023-08-03
Allgemeinstrom,Abspannmast,8332,2023-08-04
Allgemeinstrom,Endmast,442,2023-08-04
Allgemeinstrom,Tragmast,13249,2023-08-04
Allgemeinstrom,Abspannmast,9292,2023-08-05
Allgemeinstrom,Endmast,538,2023-08-05
Allgemeinstrom,Tragmast,15716,2023-08-05
Allgemeinstrom,Abspannmast,9292,2023-08-06
Allgemeinstrom,Endmast,538,2023-08-06
Allgemeinstrom,Tragmast,15716,2023-08-06
Allgemeinstrom,Abspannmast,9292,2023-08-07
Allgemeinstrom,Endmast,538,2023-08-07
Allgemeinstrom,Tragmast,15716,2023-08-07
Allgemeinstrom,Abspannmast,9292,2023-08-08
Allgemeinstrom,Endmast,538,2023-08-08
Allgemeinstrom,Tragmast,15716,2023-08-08
Allgemeinstrom,Abspannmast,9292,2023-08-09
Allgemeinstrom,Endmast,538,2023-08-09
Allgemeinstrom,Tragmast,15716,2023-08-09
Allgemeinstrom,Abspannmast,9292,2023-08-10
Allgemeinstrom,Endmast,538,2023-08-10
Allgemeinstrom,Tragmast,15716,2023-08-10
Allgemeinstrom,Abspannmast,9292,2023-08-11
Allgemeinstrom,Endmast,538,2023-08-11
Allgemeinstrom,Tragmast,15716,2023-08-11
Allgemeinstrom,Abspannmast,9292,2023-08-12
Allgemeinstrom,Endmast,538,2023-08-12
Allgemeinstrom,Tragmast,15716,2023-08-12
Allgemeinstrom,Abspannmast,9292,2023-08-13
Allgemeinstrom,Endmast,538,2023-08-13
Allgemeinstrom,Tragmast,15716,2023-08-13
Allgemeinstrom,Abspannmast,9292,2023-08-14
Allgemeinstrom,Endmast,538,2023-08-14
Allgemeinstrom,Tragmast,15716,2023-08-14
Allgemeinstrom,Abspannmast,9292,2023-08-15
Allgemeinstrom,Endmast,538,2023-08-15
Allgemeinstrom,Tragmast,15716,2023-08-15
Allgemeinstrom,Abspannmast,9292,2023-08-16
Allgemeinstrom,Endmast,538,2023-08-16
Allgemeinstrom,Tragmast,15716,2023-08-16
Allgemeinstrom,Abspannmast,9292,2023-08-17
Allgemeinstrom,Endmast,538,2023-08-17
Allgemeinstrom,Tragmast,15716,2023-08-17
Allgemeinstrom,Abspannmast,9292,2023-08-18
Allgemeinstrom,Endmast,538,2023-08-18
Allgemeinstrom,Tragmast,15716,2023-08-18
Allgemeinstrom,Abspannmast,9292,2023-08-19
Allgemeinstrom,Endmast,538,2023-08-19
Allgemeinstrom,Tragmast,15716,2023-08-19
Allgemeinstrom,Abspannmast,9292,2023-08-20
Allgemeinstrom,Endmast,538,2023-08-20
Allgemeinstrom,Tragmast,15716,2023-08-20
Allgemeinstrom,Abspannmast,9292,2023-08-21
Allgemeinstrom,Endmast,538,2023-08-21
Allgemeinstrom,Tragmast,15716,2023-08-21
Allgemeinstrom,Abspannmast,9292,2023-08-22
Allgemeinstrom,Endmast,538,2023-08-22
Allgemeinstrom,Tragmast,15716,2023-08-22
Allgemeinstrom,Abspannmast,9292,2023-08-23
Allgemeinstrom,Endmast,538,2023-08-23
Allgemeinstrom,Tragmast,15716,2023-08-23
Allgemeinstrom,Abspannmast,9292,2023-08-24
Allgemeinstrom,Endmast,538,2023-08-24
Allgemeinstrom,Tragmast,15716,2023-08-24
Allgemeinstrom,Abspannmast,9292,2023-08-25
Allgemeinstrom,Endmast,538,2023-08-25
Allgemeinstrom,Tragmast,15716,2023-08-25
Allgemeinstrom,Abspannmast,9292,2023-08-26
Allgemeinstrom,Endmast,538,2023-08-26
Allgemeinstrom,Tragmast,15716,2023-08-26
Allgemeinstrom,Abspannmast,9292,2023-08-27
Allgemeinstrom,Endmast,538,2023-08-27
Allgemeinstrom,Tragmast,15716,2023-08-27
Allgemeinstrom,Abspannmast,9292,2023-08-28
Allgemeinstrom,Endmast,538,2023-08-28
Allgemeinstrom,Tragmast,15716,2023-08-28
Allgemeinstrom,Abspannmast,9356,2023-08-29
Allgemeinstrom,Endmast,550,2023-08-29
Allgemeinstrom,Tragmast,15735,2023-08-29
Allgemeinstrom,Abspannmast,9357,2023-08-30
Allgemeinstrom,Endmast,552,2023-08-30
Allgemeinstrom,Tragmast,15735,2023-08-30
Allgemeinstrom,Abspannmast,9357,2023-08-31
Allgemeinstrom,Endmast,552,2023-08-31
Allgemeinstrom,Tragmast,15735,2023-08-31
Allgemeinstrom,Abspannmast,9357,2023-09-02
Allgemeinstrom,Endmast,552,2023-09-02
Allgemeinstrom,Tragmast,15850,2023-09-02
Allgemeinstrom,Abspannmast,9357,2023-09-03
Allgemeinstrom,Endmast,552,2023-09-03
Allgemeinstrom,Tragmast,15850,2023-09-03
Allgemeinstrom,Abspannmast,9357,2023-09-04
Allgemeinstrom,Endmast,552,2023-09-04
Allgemeinstrom,Tragmast,15850,2023-09-04
Allgemeinstrom,Abspannmast,9357,2023-09-05
Allgemeinstrom,Endmast,552,2023-09-05
Allgemeinstrom,Tragmast,15850,2023-09-05
Allgemeinstrom,Abspannmast,9357,2023-09-06
Allgemeinstrom,Endmast,552,2023-09-06
Allgemeinstrom,Tragmast,15850,2023-09-06
Allgemeinstrom,Abspannmast,9357,2023-09-07
Allgemeinstrom,Endmast,552,2023-09-07
Allgemeinstrom,Tragmast,15850,2023-09-07
Allgemeinstrom,Abspannmast,9357,2023-09-08
Allgemeinstrom,Endmast,552,2023-09-08
Allgemeinstrom,Tragmast,15850,2023-09-08
Allgemeinstrom,Abspannmast,9382,2023-09-09
Allgemeinstrom,Endmast,558,2023-09-09
Allgemeinstrom,Tragmast,15874,2023-09-09
Allgemeinstrom,Abspannmast,9382,2023-09-10
Allgemeinstrom,Endmast,558,2023-09-10
Allgemeinstrom,Tragmast,15874,2023-09-10
Allgemeinstrom,Abspannmast,9382,2023-09-11
Allgemeinstrom,Endmast,558,2023-09-11
Allgemeinstrom,Tragmast,15874,2023-09-11
Allgemeinstrom,Abspannmast,9382,2023-09-12
Allgemeinstrom,Endmast,558,2023-09-12
Allgemeinstrom,Tragmast,15874,2023-09-12
Allgemeinstrom,Abspannmast,9382,2023-09-13
Allgemeinstrom,Endmast,558,2023-09-13
Allgemeinstrom,Tragmast,15874,2023-09-13
Allgemeinstrom,Abspannmast,9382,2023-09-14
Allgemeinstrom,Endmast,558,2023-09-14
Allgemeinstrom,Tragmast,15874,2023-09-14
Allgemeinstrom,Abspannmast,9382,2023-09-15
Allgemeinstrom,Endmast,558,2023-09-15
Allgemeinstrom,Tragmast,15874,2023-09-15
Allgemeinstrom,Abspannmast,9383,2023-09-16
Allgemeinstrom,Endmast,562,2023-09-16
Allgemeinstrom,Tragmast,15932,2023-09-16
Allgemeinstrom,Abspannmast,9383,2023-09-17
Allgemeinstrom,Endmast,562,2023-09-17
Allgemeinstrom,Tragmast,15932,2023-09-17
Allgemeinstrom,Abspannmast,9383,2023-09-18
Allgemeinstrom,Endmast,562,2023-09-18
Allgemeinstrom,Tragmast,15932,2023-09-18
Allgemeinstrom,Abspannmast,9383,2023-09-19
Allgemeinstrom,Endmast,562,2023-09-19
Allgemeinstrom,Tragmast,15932,2023-09-19
Allgemeinstrom,Abspannmast,9383,2023-09-20
Allgemeinstrom,Endmast,562,2023-09-20
Allgemeinstrom,Tragmast,15932,2023-09-20
Allgemeinstrom,Abspannmast,9383,2023-09-21
Allgemeinstrom,Endmast,562,2023-09-21
Allgemeinstrom,Tragmast,15932,2023-09-21
Allgemeinstrom,Abspannmast,9383,2023-09-22
Allgemeinstrom,Endmast,562,2023-09-22
Allgemeinstrom,Tragmast,15932,2023-09-22
Allgemeinstrom,Abspannmast,9383,2023-09-23
Allgemeinstrom,Endmast,562,2023-09-23
Allgemeinstrom,Tragmast,15932,2023-09-23
Allgemeinstrom,Abspannmast,9383,2023-09-24
Allgemeinstrom,Endmast,562,2023-09-24
Allgemeinstrom,Tragmast,15932,2023-09-24
Allgemeinstrom,Abspannmast,9383,2023-09-25
Allgemeinstrom,Endmast,562,2023-09-25
Allgemeinstrom,Tragmast,15932,2023-09-25
Allgemeinstrom,Abspannmast,9385,2023-09-26
Allgemeinstrom,Endmast,560,2023-09-26
Allgemeinstrom,Tragmast,15932,2023-09-26
Allgemeinstrom,Abspannmast,9385,2023-09-27
Allgemeinstrom,Endmast,560,2023-09-27
Allgemeinstrom,Tragmast,15932,2023-09-27
Allgemeinstrom,Abspannmast,9385,2023-09-28
Allgemeinstrom,Endmast,560,2023-09-28
Allgemeinstrom,Tragmast,15932,2023-09-28
Allgemeinstrom,Abspannmast,9385,2023-09-29
Allgemeinstrom,Endmast,560,2023-09-29
Allgemeinstrom,Tragmast,15932,2023-09-29
Allgemeinstrom,Abspannmast,9378,2023-09-30
Allgemeinstrom,Endmast,559,2023-09-30
Allgemeinstrom,Tragmast,15922,2023-09-30
Allgemeinstrom,Abspannmast,9378,2023-10-01
Allgemeinstrom,Endmast,559,2023-10-01
Allgemeinstrom,Tragmast,15922,2023-10-01
Allgemeinstrom,Abspannmast,9378,2023-10-02
Allgemeinstrom,Endmast,559,2023-10-02
Allgemeinstrom,Tragmast,15922,2023-10-02
Allgemeinstrom,Abspannmast,9378,2023-10-03
Allgemeinstrom,Endmast,559,2023-10-03
Allgemeinstrom,Tragmast,15922,2023-10-03
Allgemeinstrom,Abspannmast,9378,2023-10-04
Allgemeinstrom,Endmast,559,2023-10-04
Allgemeinstrom,Tragmast,15922,2023-10-04
Allgemeinstrom,Abspannmast,9378,2023-10-05
Allgemeinstrom,Endmast,559,2023-10-05
Allgemeinstrom,Tragmast,15922,2023-10-05
Allgemeinstrom,Abspannmast,9378,2023-10-06
Allgemeinstrom,Endmast,559,2023-10-06
Allgemeinstrom,Tragmast,15922,2023-10-06
Allgemeinstrom,Abspannmast,9378,2023-10-07
Allgemeinstrom,Endmast,559,2023-10-07
Allgemeinstrom,Tragmast,15922,2023-10-07
Allgemeinstrom,Abspannmast,9378,2023-10-08
Allgemeinstrom,Endmast,559,2023-10-08
Allgemeinstrom,Tragmast,15922,2023-10-08
Allgemeinstrom,Abspannmast,9378,2023-10-09
Allgemeinstrom,Endmast,559,2023-10-09
Allgemeinstrom,Tragmast,15922,2023-10-09
Allgemeinstrom,Abspannmast,9378,2023-10-10
Allgemeinstrom,Endmast,559,2023-10-10
Allgemeinstrom,Tragmast,15922,2023-10-10
Allgemeinstrom,Abspannmast,9378,2023-10-11
Allgemeinstrom,Endmast,559,2023-10-11
Allgemeinstrom,Tragmast,15922,2023-10-11
Allgemeinstrom,Abspannmast,9378,2023-10-12
Allgemeinstrom,Endmast,559,2023-10-12
Allgemeinstrom,Tragmast,15922,2023-10-12
Allgemeinstrom,Abspannmast,9378,2023-10-13
Allgemeinstrom,Endmast,559,2023-10-13
Allgemeinstrom,Tragmast,15922,2023-10-13
Allgemeinstrom,Abspannmast,9378,2023-10-14
Allgemeinstrom,Endmast,559,2023-10-14
Allgemeinstrom,Tragmast,15922,2023-10-14
Allgemeinstrom,Abspannmast,9378,2023-10-15
Allgemeinstrom,Endmast,559,2023-10-15
Allgemeinstrom,Tragmast,15922,2023-10-15
Allgemeinstrom,Abspannmast,9378,2023-10-16
Allgemeinstrom,Endmast,559,2023-10-16
Allgemeinstrom,Tragmast,15922,2023-10-16
Allgemeinstrom,Abspannmast,9378,2023-10-17
Allgemeinstrom,Endmast,559,2023-10-17
Allgemeinstrom,Tragmast,15922,2023-10-17
Allgemeinstrom,Abspannmast,9378,2023-10-18
Allgemeinstrom,Endmast,559,2023-10-18
Allgemeinstrom,Tragmast,15922,2023-10-18
Allgemeinstrom,Abspannmast,9378,2023-10-19
Allgemeinstrom,Endmast,559,2023-10-19
Allgemeinstrom,Tragmast,15922,2023-10-19
Allgemeinstrom,Abspannmast,9378,2023-10-20
Allgemeinstrom,Endmast,559,2023-10-20
Allgemeinstrom,Tragmast,15922,2023-10-20
Allgemeinstrom,Abspannmast,9378,2023-10-21
Allgemeinstrom,Endmast,559,2023-10-21
Allgemeinstrom,Tragmast,15922,2023-10-21
Allgemeinstrom,Abspannmast,9378,2023-10-22
Allgemeinstrom,Endmast,559,2023-10-22
Allgemeinstrom,Tragmast,15922,2023-10-22
Allgemeinstrom,Abspannmast,9378,2023-10-23
Allgemeinstrom,Endmast,559,2023-10-23
Allgemeinstrom,Tragmast,15922,2023-10-23
Allgemeinstrom,Abspannmast,9378,2023-10-24
Allgemeinstrom,Endmast,559,2023-10-24
Allgemeinstrom,Tragmast,15922,2023-10-24
Allgemeinstrom,Abspannmast,9378,2023-10-25
Allgemeinstrom,Endmast,559,2023-10-25
Allgemeinstrom,Tragmast,15922,2023-10-25
Allgemeinstrom,Abspannmast,9303,2023-10-26
Allgemeinstrom,Endmast,559,2023-10-26
Allgemeinstrom,Tragmast,15921,2023-10-26
Allgemeinstrom,Abspannmast,9303,2023-10-31
Allgemeinstrom,Endmast,559,2023-10-31
Allgemeinstrom,Tragmast,15921,2023-10-31
Allgemeinstrom,Abspannmast,9303,2023-11-01
Allgemeinstrom,Endmast,559,2023-11-01
Allgemeinstrom,Tragmast,15921,2023-11-01
Allgemeinstrom,Abspannmast,9303,2023-11-02
Allgemeinstrom,Endmast,559,2023-11-02
Allgemeinstrom,Tragmast,15921,2023-11-02
Allgemeinstrom,Abspannmast,9303,2023-11-03
Allgemeinstrom,Endmast,559,2023-11-03
Allgemeinstrom,Tragmast,15921,2023-11-03
Allgemeinstrom,Abspannmast,9303,2023-11-04
Allgemeinstrom,Endmast,559,2023-11-04
Allgemeinstrom,Tragmast,15921,2023-11-04
Allgemeinstrom,Abspannmast,9303,2023-11-05
Allgemeinstrom,Endmast,559,2023-11-05
Allgemeinstrom,Tragmast,15921,2023-11-05
Allgemeinstrom,Abspannmast,9303,2023-11-06
Allgemeinstrom,Endmast,559,2023-11-06
Allgemeinstrom,Tragmast,15921,2023-11-06
Allgemeinstrom,Abspannmast,11191,2023-11-07
Allgemeinstrom,Endmast,559,2023-11-07
Allgemeinstrom,Tragmast,24008,2023-11-07
Allgemeinstrom,Abspannmast,11191,2023-11-08
Allgemeinstrom,Endmast,559,2023-11-08
Allgemeinstrom,Tragmast,24008,2023-11-08
Allgemeinstrom,Abspannmast,11191,2023-11-09
Allgemeinstrom,Endmast,559,2023-11-09
Allgemeinstrom,Tragmast,24008,2023-11-09
Allgemeinstrom,Abspannmast,11191,2023-11-10
Allgemeinstrom,Endmast,559,2023-11-10
Allgemeinstrom,Tragmast,24008,2023-11-10
Allgemeinstrom,Abspannmast,11191,2023-11-11
Allgemeinstrom,Endmast,559,2023-11-11
Allgemeinstrom,Tragmast,24008,2023-11-11
Allgemeinstrom,Abspannmast,11191,2023-11-12
Allgemeinstrom,Endmast,559,2023-11-12
Allgemeinstrom,Tragmast,24008,2023-11-12
Allgemeinstrom,Abspannmast,11191,2023-11-13
Allgemeinstrom,Endmast,559,2023-11-13
Allgemeinstrom,Tragmast,24008,2023-11-13
Allgemeinstrom,Abspannmast,11191,2023-11-14
Allgemeinstrom,Endmast,559,2023-11-14
Allgemeinstrom,Tragmast,24008,2023-11-14
Allgemeinstrom,Abspannmast,11191,2023-11-15
Allgemeinstrom,Endmast,559,2023-11-15
Allgemeinstrom,Tragmast,24008,2023-11-15
Allgemeinstrom,Abspannmast,11191,2023-11-16
Allgemeinstrom,Endmast,559,2023-11-16
Allgemeinstrom,Tragmast,24008,2023-11-16
Allgemeinstrom,Abspannmast,11191,2023-11-17
Allgemeinstrom,Endmast,559,2023-11-17
Allgemeinstrom,Tragmast,24008,2023-11-17
Allgemeinstrom,Abspannmast,11191,2023-11-18
Allgemeinstrom,Endmast,559,2023-11-18
Allgemeinstrom,Tragmast,24008,2023-11-18
Allgemeinstrom,Abspannmast,11191,2023-11-19
Allgemeinstrom,Endmast,559,2023-11-19
Allgemeinstrom,Tragmast,24008,2023-11-19
Allgemeinstrom,Abspannmast,11191,2023-11-20
Allgemeinstrom,Endmast,559,2023-11-20
Allgemeinstrom,Tragmast,24008,2023-11-20
Allgemeinstrom,Abspannmast,11191,2023-11-21
Allgemeinstrom,Endmast,559,2023-11-21
Allgemeinstrom,Tragmast,24008,2023-11-21
Allgemeinstrom,Abspannmast,11191,2023-11-22
Allgemeinstrom,Endmast,559,2023-11-22
Allgemeinstrom,Tragmast,24008,2023-11-22
Allgemeinstrom,Abspannmast,11191,2023-11-23
Allgemeinstrom,Endmast,559,2023-11-23
Allgemeinstrom,Tragmast,24008,2023-11-23
Allgemeinstrom,Abspannmast,11191,2023-11-24
Allgemeinstrom,Endmast,559,2023-11-24
Allgemeinstrom,Tragmast,24008,2023-11-24
Allgemeinstrom,Abspannmast,11191,2023-11-25
Allgemeinstrom,Endmast,559,2023-11-25
Allgemeinstrom,Tragmast,24008,2023-11-25
Allgemeinstrom,Abspannmast,11191,2023-11-26
Allgemeinstrom,Endmast,559,2023-11-26
Allgemeinstrom,Tragmast,24008,2023-11-26
Allgemeinstrom,Abspannmast,11191,2023-11-27
Allgemeinstrom,Endmast,559,2023-11-27
Allgemeinstrom,Tragmast,24008,2023-11-27
Allgemeinstrom,Abspannmast,11218,2023-11-28
Allgemeinstrom,Endmast,563,2023-11-28
Allgemeinstrom,Tragmast,24069,2023-11-28
Allgemeinstrom,Abspannmast,11218,2023-11-29
Allgemeinstrom,Endmast,563,2023-11-29
Allgemeinstrom,Tragmast,24069,2023-11-29
Allgemeinstrom,Abspannmast,11218,2023-11-30
Allgemeinstrom,Endmast,563,2023-11-30
Allgemeinstrom,Tragmast,24069,2023-11-30
Allgemeinstrom,Abspannmast,11218,2023-12-01
Allgemeinstrom,Endmast,563,2023-12-01
Allgemeinstrom,Tragmast,24069,2023-12-01
Allgemeinstrom,Abspannmast,11218,2023-12-02
Allgemeinstrom,Endmast,563,2023-12-02
Allgemeinstrom,Tragmast,24069,2023-12-02
Allgemeinstrom,Abspannmast,11218,2023-12-03
Allgemeinstrom,Endmast,563,2023-12-03
Allgemeinstrom,Tragmast,24069,2023-12-03
Allgemeinstrom,Abspannmast,11218,2023-12-04
Allgemeinstrom,Endmast,563,2023-12-04
Allgemeinstrom,Tragmast,24069,2023-12-04
Allgemeinstrom,Abspannmast,11218,2023-12-05
Allgemeinstrom,Endmast,563,2023-12-05
Allgemeinstrom,Tragmast,24069,2023-12-05
Allgemeinstrom,Abspannmast,11214,2023-12-06
Allgemeinstrom,Endmast,563,2023-12-06
Allgemeinstrom,Tragmast,24051,2023-12-06
Allgemeinstrom,Abspannmast,11214,2023-12-07
Allgemeinstrom,Endmast,563,2023-12-07
Allgemeinstrom,Tragmast,24051,2023-12-07
Allgemeinstrom,Abspannmast,11214,2023-12-08
Allgemeinstrom,Endmast,563,2023-12-08
Allgemeinstrom,Tragmast,24051,2023-12-08
Allgemeinstrom,Abspannmast,11214,2023-12-09
Allgemeinstrom,Endmast,563,2023-12-09
Allgemeinstrom,Tragmast,24051,2023-12-09
Allgemeinstrom,Abspannmast,11214,2023-12-10
Allgemeinstrom,Endmast,563,2023-12-10
Allgemeinstrom,Tragmast,24051,2023-12-10
Allgemeinstrom,Abspannmast,11214,2023-12-11
Allgemeinstrom,Endmast,563,2023-12-11
Allgemeinstrom,Tragmast,24051,2023-12-11
Allgemeinstrom,Abspannmast,11214,2023-12-12
Allgemeinstrom,Endmast,563,2023-12-12
Allgemeinstrom,Tragmast,24051,2023-12-12
Allgemeinstrom,Abspannmast,11214,2023-12-13
Allgemeinstrom,Endmast,563,2023-12-13
Allgemeinstrom,Tragmast,24051,2023-12-13
Allgemeinstrom,Abspannmast,11214,2023-12-14
Allgemeinstrom,Endmast,563,2023-12-14
Allgemeinstrom,Tragmast,24051,2023-12-14
Allgemeinstrom,Abspannmast,11214,2023-12-15
Allgemeinstrom,Endmast,563,2023-12-15
Allgemeinstrom,Tragmast,24051,2023-12-15
Allgemeinstrom,Abspannmast,11214,2023-12-16
Allgemeinstrom,Endmast,563,2023-12-16
Allgemeinstrom,Tragmast,24051,2023-12-16
Allgemeinstrom,Abspannmast,11214,2023-12-17
Allgemeinstrom,Endmast,563,2023-12-17
Allgemeinstrom,Tragmast,24051,2023-12-17
Allgemeinstrom,Abspannmast,11214,2023-12-18
Allgemeinstrom,Endmast,563,2023-12-18
Allgemeinstrom,Tragmast,24051,2023-12-18
Allgemeinstrom,Abspannmast,11214,2023-12-19
Allgemeinstrom,Endmast,563,2023-12-19
Allgemeinstrom,Tragmast,24051,2023-12-19
Allgemeinstrom,Abspannmast,11214,2023-12-20
Allgemeinstrom,Endmast,563,2023-12-20
Allgemeinstrom,Tragmast,24051,2023-12-20
Allgemeinstrom,Abspannmast,11214,2023-12-21
Allgemeinstrom,Endmast,563,2023-12-21
Allgemeinstrom,Tragmast,24051,2023-12-21
Allgemeinstrom,Abspannmast,11214,2023-12-22
Allgemeinstrom,Endmast,563,2023-12-22
Allgemeinstrom,Tragmast,24051,2023-12-22
Allgemeinstrom,Abspannmast,11214,2023-12-23
Allgemeinstrom,Endmast,563,2023-12-23
Allgemeinstrom,Tragmast,24051,2023-12-23
Allgemeinstrom,Abspannmast,11214,2023-12-24
Allgemeinstrom,Endmast,563,2023-12-24
Allgemeinstrom,Tragmast,24051,2023-12-24
Allgemeinstrom,Abspannmast,11214,2023-12-25
Allgemeinstrom,Endmast,563,2023-12-25
Allgemeinstrom,Tragmast,24051,2023-12-25
Allgemeinstrom,Abspannmast,11214,2023-12-26
Allgemeinstrom,Endmast,563,2023-12-26
Allgemeinstrom,Tragmast,24051,2023-12-26
Allgemeinstrom,Abspannmast,11214,2023-12-27
Allgemeinstrom,Endmast,563,2023-12-27
Allgemeinstrom,Tragmast,24051,2023-12-27
Allgemeinstrom,Abspannmast,11214,2023-12-28
Allgemeinstrom,Endmast,563,2023-12-28
Allgemeinstrom,Tragmast,24051,2023-12-28
Allgemeinstrom,Abspannmast,11214,2023-12-29
Allgemeinstrom,Endmast,563,2023-12-29
Allgemeinstrom,Tragmast,24051,2023-12-29
Allgemeinstrom,Abspannmast,11214,2023-12-30
Allgemeinstrom,Endmast,563,2023-12-30
Allgemeinstrom,Tragmast,24051,2023-12-30
Allgemeinstrom,Abspannmast,11214,2023-12-31
Allgemeinstrom,Endmast,563,2023-12-31
Allgemeinstrom,Tragmast,24051,2023-12-31
Allgemeinstrom,Abspannmast,11214,2024-01-01
Allgemeinstrom,Endmast,563,2024-01-01
Allgemeinstrom,Tragmast,24051,2024-01-01
Allgemeinstrom,Abspannmast,11214,2024-01-02
Allgemeinstrom,Endmast,563,2024-01-02
Allgemeinstrom,Tragmast,24051,2024-01-02
Allgemeinstrom,Abspannmast,11214,2024-01-03
Allgemeinstrom,Endmast,563,2024-01-03
Allgemeinstrom,Tragmast,24051,2024-01-03
Allgemeinstrom,Abspannmast,11214,2024-01-04
Allgemeinstrom,Endmast,563,2024-01-04
Allgemeinstrom,Tragmast,24051,2024-01-04
Allgemeinstrom,Abspannmast,11214,2024-01-05
Allgemeinstrom,Endmast,563,2024-01-05
Allgemeinstrom,Tragmast,24051,2024-01-05
Allgemeinstrom,Abspannmast,11214,2024-01-06
Allgemeinstrom,Endmast,563,2024-01-06
Allgemeinstrom,Tragmast,24051,2024-01-06
Allgemeinstrom,Abspannmast,11214,2024-01-07
Allgemeinstrom,Endmast,563,2024-01-07
Allgemeinstrom,Tragmast,24051,2024-01-07
Allgemeinstrom,Abspannmast,11214,2024-01-08
Allgemeinstrom,Endmast,563,2024-01-08
Allgemeinstrom,Tragmast,24051,2024-01-08
Allgemeinstrom,Abspannmast,11214,2024-01-09
Allgemeinstrom,Endmast,563,2024-01-09
Allgemeinstrom,Tragmast,24051,2024-01-09
Allgemeinstrom,Abspannmast,11214,2024-01-10
Allgemeinstrom,Endmast,563,2024-01-10
Allgemeinstrom,Tragmast,24051,2024-01-10
Allgemeinstrom,Abspannmast,11214,2024-01-11
Allgemeinstrom,Endmast,563,2024-01-11
Allgemeinstrom,Tragmast,24051,2024-01-11
Allgemeinstrom,Abspannmast,11214,2024-01-12
Allgemeinstrom,Endmast,563,2024-01-12
Allgemeinstrom,Tragmast,24051,2024-01-12
Allgemeinstrom,Abspannmast,11214,2024-01-13
Allgemeinstrom,Endmast,563,2024-01-13
Allgemeinstrom,Tragmast,24051,2024-01-13
Allgemeinstrom,Abspannmast,11214,2024-01-14
Allgemeinstrom,Endmast,563,2024-01-14
Allgemeinstrom,Tragmast,24051,2024-01-14
Allgemeinstrom,Abspannmast,11214,2024-01-15
Allgemeinstrom,Endmast,563,2024-01-15
Allgemeinstrom,Tragmast,24051,2024-01-15
Allgemeinstrom,Abspannmast,11214,2024-01-16
Allgemeinstrom,Endmast,563,2024-01-16
Allgemeinstrom,Tragmast,24051,2024-01-16
Allgemeinstrom,Abspannmast,11214,2024-01-17
Allgemeinstrom,Endmast,563,2024-01-17
Allgemeinstrom,Tragmast,24051,2024-01-17
Allgemeinstrom,Abspannmast,11214,2024-01-18
Allgemeinstrom,Endmast,563,2024-01-18
Allgemeinstrom,Tragmast,24051,2024-01-18
Allgemeinstrom,Abspannmast,11164,2024-01-19
Allgemeinstrom,Endmast,547,2024-01-19
Allgemeinstrom,Tragmast,24030,2024-01-19
Allgemeinstrom,Abspannmast,11164,2024-01-20
Allgemeinstrom,Endmast,547,2024-01-20
Allgemeinstrom,Tragmast,24030,2024-01-20
Allgemeinstrom,Abspannmast,11164,2024-01-21
Allgemeinstrom,Endmast,547,2024-01-21
Allgemeinstrom,Tragmast,24030,2024-01-21
Allgemeinstrom,Abspannmast,11164,2024-01-22
Allgemeinstrom,Endmast,547,2024-01-22
Allgemeinstrom,Tragmast,24030,2024-01-22
Allgemeinstrom,Abspannmast,11164,2024-01-23
Allgemeinstrom,Endmast,547,2024-01-23
Allgemeinstrom,Tragmast,24030,2024-01-23
Allgemeinstrom,Abspannmast,11164,2024-01-24
Allgemeinstrom,Endmast,547,2024-01-24
Allgemeinstrom,Tragmast,24030,2024-01-24
Allgemeinstrom,Abspannmast,11164,2024-01-25
Allgemeinstrom,Endmast,547,2024-01-25
Allgemeinstrom,Tragmast,26095,2024-01-25
Allgemeinstrom,Abspannmast,11164,2024-01-26
Allgemeinstrom,Endmast,547,2024-01-26
Allgemeinstrom,Tragmast,26095,2024-01-26
Allgemeinstrom,Abspannmast,11164,2024-01-27
Allgemeinstrom,Endmast,547,2024-01-27
Allgemeinstrom,Tragmast,26095,2024-01-27
Allgemeinstrom,Abspannmast,11164,2024-01-28
Allgemeinstrom,Endmast,547,2024-01-28
Allgemeinstrom,Tragmast,26095,2024-01-28
Allgemeinstrom,Abspannmast,11164,2024-01-29
Allgemeinstrom,Endmast,547,2024-01-29
Allgemeinstrom,Tragmast,26095,2024-01-29
Allgemeinstrom,Abspannmast,11164,2024-01-30
Allgemeinstrom,Endmast,547,2024-01-30
Allgemeinstrom,Tragmast,26095,2024-01-30
Allgemeinstrom,Abspannmast,11164,2024-01-31
Allgemeinstrom,Endmast,547,2024-01-31
Allgemeinstrom,Tragmast,26095,2024-01-31
Allgemeinstrom,Abspannmast,11164,2024-02-01
Allgemeinstrom,Endmast,547,2024-02-01
Allgemeinstrom,Tragmast,26095,2024-02-01
Allgemeinstrom,Abspannmast,11164,2024-02-02
Allgemeinstrom,Endmast,547,2024-02-02
Allgemeinstrom,Tragmast,26095,2024-02-02
Allgemeinstrom,Abspannmast,11164,2024-02-03
Allgemeinstrom,Endmast,547,2024-02-03
Allgemeinstrom,Tragmast,26095,2024-02-03
Allgemeinstrom,Abspannmast,11164,2024-02-04
Allgemeinstrom,Endmast,547,2024-02-04
Allgemeinstrom,Tragmast,26095,2024-02-04
Allgemeinstrom,Abspannmast,11164,2024-02-05
Allgemeinstrom,Endmast,547,2024-02-05
Allgemeinstrom,Tragmast,26095,2024-02-05
Allgemeinstrom,Abspannmast,11164,2024-02-06
Allgemeinstrom,Endmast,547,2024-02-06
Allgemeinstrom,Tragmast,26095,2024-02-06
Allgemeinstrom,Abspannmast,11164,2024-02-07
Allgemeinstrom,Endmast,547,2024-02-07
Allgemeinstrom,Tragmast,26095,2024-02-07
Allgemeinstrom,Abspannmast,11164,2024-02-08
Allgemeinstrom,Endmast,547,2024-02-08
Allgemeinstrom,Tragmast,26095,2024-02-08
Allgemeinstrom,Abspannmast,11164,2024-02-09
Allgemeinstrom,Endmast,547,2024-02-09
Allgemeinstrom,Tragmast,26095,2024-02-09
Allgemeinstrom,Abspannmast,11164,2024-02-10
Allgemeinstrom,Endmast,547,2024-02-10
Allgemeinstrom,Tragmast,26095,2024-02-10
Allgemeinstrom,Abspannmast,11164,2024-02-11
Allgemeinstrom,Endmast,547,2024-02-11
Allgemeinstrom,Tragmast,26095,2024-02-11
Allgemeinstrom,Abspannmast,11164,2024-02-12
Allgemeinstrom,Endmast,547,2024-02-12
Allgemeinstrom,Tragmast,26095,2024-02-12
Allgemeinstrom,Abspannmast,11164,2024-02-13
Allgemeinstrom,Endmast,547,2024-02-13
Allgemeinstrom,Tragmast,26095,2024-02-13
Allgemeinstrom,Abspannmast,11164,2024-02-14
Allgemeinstrom,Endmast,547,2024-02-14
Allgemeinstrom,Tragmast,26095,2024-02-14
Allgemeinstrom,Abspannmast,11164,2024-02-15
Allgemeinstrom,Endmast,547,2024-02-15
Allgemeinstrom,Tragmast,26095,2024-02-15
Allgemeinstrom,Abspannmast,11164,2024-02-16
Allgemeinstrom,Endmast,547,2024-02-16
Allgemeinstrom,Tragmast,26095,2024-02-16
Allgemeinstrom,Abspannmast,11164,2024-02-17
Allgemeinstrom,Endmast,547,2024-02-17
Allgemeinstrom,Tragmast,26095,2024-02-17
Allgemeinstrom,Abspannmast,11164,2024-02-18
Allgemeinstrom,Endmast,547,2024-02-18
Allgemeinstrom,Tragmast,26095,2024-02-18
Allgemeinstrom,Abspannmast,11164,2024-02-19
Allgemeinstrom,Endmast,547,2024-02-19
Allgemeinstrom,Tragmast,26095,2024-02-19
Allgemeinstrom,Abspannmast,11167,2024-02-20
Allgemeinstrom,Endmast,547,2024-02-20
Allgemeinstrom,Tragmast,26092,2024-02-20
Allgemeinstrom,Abspannmast,11167,2024-02-21
Allgemeinstrom,Endmast,547,2024-02-21
Allgemeinstrom,Tragmast,26092,2024-02-21
Allgemeinstrom,Abspannmast,11167,2024-02-22
Allgemeinstrom,Endmast,547,2024-02-22
Allgemeinstrom,Tragmast,26092,2024-02-22
Allgemeinstrom,Abspannmast,11167,2024-02-23
Allgemeinstrom,Endmast,547,2024-02-23
Allgemeinstrom,Tragmast,26092,2024-02-23
Allgemeinstrom,Abspannmast,11167,2024-02-24
Allgemeinstrom,Endmast,547,2024-02-24
Allgemeinstrom,Tragmast,26092,2024-02-24
Allgemeinstrom,Abspannmast,11167,2024-02-25
Allgemeinstrom,Endmast,547,2024-02-25
Allgemeinstrom,Tragmast,26092,2024-02-25
Allgemeinstrom,Abspannmast,11167,2024-02-26
Allgemeinstrom,Endmast,547,2024-02-26
Allgemeinstrom,Tragmast,26092,2024-02-26
Allgemeinstrom,Abspannmast,11167,2024-02-27
Allgemeinstrom,Endmast,547,2024-02-27
Allgemeinstrom,Tragmast,26092,2024-02-27
Allgemeinstrom,Abspannmast,11167,2024-02-28
Allgemeinstrom,Endmast,547,2024-02-28
Allgemeinstrom,Tragmast,26092,2024-02-28
Allgemeinstrom,Abspannmast,11167,2024-02-29
Allgemeinstrom,Endmast,547,2024-02-29
Allgemeinstrom,Tragmast,26092,2024-02-29
Allgemeinstrom,Abspannmast,11167,2024-03-01
Allgemeinstrom,Endmast,547,2024-03-01
Allgemeinstrom,Tragmast,26092,2024-03-01
Allgemeinstrom,Abspannmast,11167,2024-03-02
Allgemeinstrom,Endmast,547,2024-03-02
Allgemeinstrom,Tragmast,26092,2024-03-02
Allgemeinstrom,Abspannmast,11167,2024-03-03
Allgemeinstrom,Endmast,547,2024-03-03
Allgemeinstrom,Tragmast,26092,2024-03-03
Allgemeinstrom,Abspannmast,11167,2024-03-04
Allgemeinstrom,Endmast,547,2024-03-04
Allgemeinstrom,Tragmast,26092,2024-03-04
Allgemeinstrom,Abspannmast,11167,2024-03-05
Allgemeinstrom,Endmast,547,2024-03-05
Allgemeinstrom,Tragmast,26092,2024-03-05
Allgemeinstrom,Abspannmast,11167,2024-03-06
Allgemeinstrom,Endmast,547,2024-03-06
Allgemeinstrom,Tragmast,26092,2024-03-06
Allgemeinstrom,Abspannmast,11167,2024-03-07
Allgemeinstrom,Endmast,547,2024-03-07
Allgemeinstrom,Tragmast,26092,2024-03-07
Allgemeinstrom,Abspannmast,11167,2024-03-08
Allgemeinstrom,Endmast,547,2024-03-08
Allgemeinstrom,Tragmast,26092,2024-03-08
Allgemeinstrom,Abspannmast,11167,2024-03-09
Allgemeinstrom,Endmast,547,2024-03-09
Allgemeinstrom,Tragmast,26092,2024-03-09
Allgemeinstrom,Abspannmast,11167,2024-03-10
Allgemeinstrom,Endmast,547,2024-03-10
Allgemeinstrom,Tragmast,26092,2024-03-10
Allgemeinstrom,Abspannmast,11167,2024-03-11
Allgemeinstrom,Endmast,547,2024-03-11
Allgemeinstrom,Tragmast,26092,2024-03-11
Allgemeinstrom,Abspannmast,11167,2024-03-12
Allgemeinstrom,Endmast,547,2024-03-12
Allgemeinstrom,Tragmast,26092,2024-03-12
Allgemeinstrom,Abspannmast,11197,2024-03-13
Allgemeinstrom,Endmast,550,2024-03-13
Allgemeinstrom,Tragmast,26157,2024-03-13
Allgemeinstrom,Abspannmast,11197,2024-03-14
Allgemeinstrom,Endmast,550,2024-03-14
Allgemeinstrom,Tragmast,26157,2024-03-14
Allgemeinstrom,Abspannmast,11197,2024-03-15
Allgemeinstrom,Endmast,550,2024-03-15
Allgemeinstrom,Tragmast,26157,2024-03-15
Allgemeinstrom,Abspannmast,11197,2024-03-16
Allgemeinstrom,Endmast,550,2024-03-16
Allgemeinstrom,Tragmast,26157,2024-03-16
Allgemeinstrom,Abspannmast,11197,2024-03-17
Allgemeinstrom,Endmast,550,2024-03-17
Allgemeinstrom,Tragmast,26157,2024-03-17
Allgemeinstrom,Abspannmast,11197,2024-03-18
Allgemeinstrom,Endmast,550,2024-03-18
Allgemeinstrom,Tragmast,26157,2024-03-18
Allgemeinstrom,Abspannmast,11197,2024-03-19
Allgemeinstrom,Endmast,550,2024-03-19
Allgemeinstrom,Tragmast,26157,2024-03-19
Allgemeinstrom,Abspannmast,11197,2024-03-20
Allgemeinstrom,Endmast,550,2024-03-20
Allgemeinstrom,Tragmast,26157,2024-03-20
Allgemeinstrom,Abspannmast,11197,2024-03-21
Allgemeinstrom,Endmast,550,2024-03-21
Allgemeinstrom,Tragmast,26157,2024-03-21
Allgemeinstrom,Abspannmast,11197,2024-03-22
Allgemeinstrom,Endmast,550,2024-03-22
Allgemeinstrom,Tragmast,26157,2024-03-22
Allgemeinstrom,Abspannmast,11197,2024-03-23
Allgemeinstrom,Endmast,550,2024-03-23
Allgemeinstrom,Tragmast,26157,2024-03-23
Allgemeinstrom,Abspannmast,11197,2024-03-24
Allgemeinstrom,Endmast,550,2024-03-24
Allgemeinstrom,Tragmast,26157,2024-03-24
Allgemeinstrom,Abspannmast,11197,2024-03-25
Allgemeinstrom,Endmast,550,2024-03-25
Allgemeinstrom,Tragmast,26157,2024-03-25
Allgemeinstrom,Abspannmast,11197,2024-03-26
Allgemeinstrom,Endmast,550,2024-03-26
Allgemeinstrom,Tragmast,26157,2024-03-26
Allgemeinstrom,Abspannmast,11197,2024-03-27
Allgemeinstrom,Endmast,550,2024-03-27
Allgemeinstrom,Tragmast,26157,2024-03-27
Allgemeinstrom,Abspannmast,11197,2024-03-28
Allgemeinstrom,Endmast,550,2024-03-28
Allgemeinstrom,Tragmast,26157,2024-03-28
Allgemeinstrom,Abspannmast,11197,2024-03-29
Allgemeinstrom,Endmast,550,2024-03-29
Allgemeinstrom,Tragmast,26157,2024-03-29
Allgemeinstrom,Abspannmast,11197,2024-03-30
Allgemeinstrom,Endmast,550,2024-03-30
Allgemeinstrom,Tragmast,26157,2024-03-30
Allgemeinstrom,Abspannmast,11197,2024-03-31
Allgemeinstrom,Endmast,550,2024-03-31
Allgemeinstrom,Tragmast,26157,2024-03-31
Allgemeinstrom,Abspannmast,11197,2024-04-01
Allgemeinstrom,Endmast,550,2024-04-01
Allgemeinstrom,Tragmast,26157,2024-04-01
Allgemeinstrom,Abspannmast,11197,2024-04-02
Allgemeinstrom,Endmast,550,2024-04-02
Allgemeinstrom,Tragmast,26157,2024-04-02
Allgemeinstrom,Abspannmast,11197,2024-04-03
Allgemeinstrom,Endmast,550,2024-04-03
Allgemeinstrom,Tragmast,26157,2024-04-03
Allgemeinstrom,Abspannmast,11197,2024-04-04
Allgemeinstrom,Endmast,550,2024-04-04
Allgemeinstrom,Tragmast,26156,2024-04-04
Allgemeinstrom,Abspannmast,11197,2024-04-05
Allgemeinstrom,Endmast,550,2024-04-05
Allgemeinstrom,Tragmast,26156,2024-04-05
Allgemeinstrom,Abspannmast,11197,2024-04-06
Allgemeinstrom,Endmast,550,2024-04-06
Allgemeinstrom,Tragmast,26156,2024-04-06
Allgemeinstrom,Abspannmast,11197,2024-04-07
Allgemeinstrom,Endmast,550,2024-04-07
Allgemeinstrom,Tragmast,26156,2024-04-07
Allgemeinstrom,Abspannmast,11197,2024-04-08
Allgemeinstrom,Endmast,550,2024-04-08
Allgemeinstrom,Tragmast,26156,2024-04-08
Allgemeinstrom,Abspannmast,11197,2024-04-09
Allgemeinstrom,Endmast,550,2024-04-09
Allgemeinstrom,Tragmast,26156,2024-04-09
Allgemeinstrom,Abspannmast,11197,2024-04-10
Allgemeinstrom,Endmast,550,2024-04-10
Allgemeinstrom,Tragmast,26156,2024-04-10
Allgemeinstrom,Abspannmast,11197,2024-04-11
Allgemeinstrom,Endmast,550,2024-04-11
Allgemeinstrom,Tragmast,26156,2024-04-11
Allgemeinstrom,Abspannmast,11197,2024-04-12
Allgemeinstrom,Endmast,550,2024-04-12
Allgemeinstrom,Tragmast,26156,2024-04-12
Allgemeinstrom,Abspannmast,11197,2024-04-13
Allgemeinstrom,Endmast,550,2024-04-13
Allgemeinstrom,Tragmast,26156,2024-04-13
Allgemeinstrom,Abspannmast,11197,2024-04-14
Allgemeinstrom,Endmast,550,2024-04-14
Allgemeinstrom,Tragmast,26156,2024-04-14
Allgemeinstrom,Abspannmast,11197,2024-04-15
Allgemeinstrom,Endmast,550,2024-04-15
Allgemeinstrom,Tragmast,26156,2024-04-15
Allgemeinstrom,Abspannmast,11197,2024-04-16
Allgemeinstrom,Endmast,550,2024-04-16
Allgemeinstrom,Tragmast,26156,2024-04-16
Allgemeinstrom,Abspannmast,11197,2024-04-17
Allgemeinstrom,Endmast,550,2024-04-17
Allgemeinstrom,Tragmast,26156,2024-04-17
Allgemeinstrom,Abspannmast,11197,2024-04-18
Allgemeinstrom,Endmast,550,2024-04-18
Allgemeinstrom,Tragmast,26156,2024-04-18
Allgemeinstrom,Abspannmast,11197,2024-04-19
Allgemeinstrom,Endmast,550,2024-04-19
Allgemeinstrom,Tragmast,26156,2024-04-19
Allgemeinstrom,Abspannmast,11197,2024-04-20
Allgemeinstrom,Endmast,550,2024-04-20
Allgemeinstrom,Tragmast,26156,2024-04-20
Allgemeinstrom,Abspannmast,11197,2024-04-21
Allgemeinstrom,Endmast,550,2024-04-21
Allgemeinstrom,Tragmast,26156,2024-04-21
Allgemeinstrom,Abspannmast,11197,2024-04-22
Allgemeinstrom,Endmast,550,2024-04-22
Allgemeinstrom,Tragmast,26156,2024-04-22
Allgemeinstrom,Abspannmast,11197,2024-04-23
Allgemeinstrom,Endmast,550,2024-04-23
Allgemeinstrom,Tragmast,26156,2024-04-23
Allgemeinstrom,Abspannmast,11197,2024-04-24
Allgemeinstrom,Endmast,550,2024-04-24
Allgemeinstrom,Tragmast,26156,2024-04-24
Allgemeinstrom,Abspannmast,11197,2024-04-25
Allgemeinstrom,Endmast,550,2024-04-25
Allgemeinstrom,Tragmast,26156,2024-04-25
Allgemeinstrom,Abspannmast,11197,2024-04-26
Allgemeinstrom,Endmast,550,2024-04-26
Allgemeinstrom,Tragmast,26156,2024-04-26
Allgemeinstrom,Abspannmast,11197,2024-04-27
Allgemeinstrom,Endmast,550,2024-04-27
Allgemeinstrom,Tragmast,26156,2024-04-27
Allgemeinstrom,Abspannmast,11197,2024-04-28
Allgemeinstrom,Endmast,550,2024-04-28
Allgemeinstrom,Tragmast,26156,2024-04-28
Allgemeinstrom,Abspannmast,11197,2024-04-29
Allgemeinstrom,Endmast,550,2024-04-29
Allgemeinstrom,Tragmast,26156,2024-04-29
Allgemeinstrom,Abspannmast,11197,2024-04-30
Allgemeinstrom,Endmast,550,2024-04-30
Allgemeinstrom,Tragmast,26156,2024-04-30
Allgemeinstrom,Abspannmast,11197,2024-05-01
Allgemeinstrom,Endmast,550,2024-05-01
Allgemeinstrom,Tragmast,26156,2024-05-01
Allgemeinstrom,Abspannmast,11197,2024-05-02
Allgemeinstrom,Endmast,550,2024-05-02
Allgemeinstrom,Tragmast,26156,2024-05-02
Allgemeinstrom,Abspannmast,11197,2024-05-03
Allgemeinstrom,Endmast,550,2024-05-03
Allgemeinstrom,Tragmast,26156,2024-05-03
Allgemeinstrom,Abspannmast,11197,2024-05-04
Allgemeinstrom,Endmast,550,2024-05-04
Allgemeinstrom,Tragmast,26156,2024-05-04
Allgemeinstrom,Abspannmast,11197,2024-05-05
Allgemeinstrom,Endmast,550,2024-05-05
Allgemeinstrom,Tragmast,26156,2024-05-05
Allgemeinstrom,Abspannmast,11197,2024-05-06
Allgemeinstrom,Endmast,550,2024-05-06
Allgemeinstrom,Tragmast,26156,2024-05-06
Allgemeinstrom,Abspannmast,11197,2024-05-07
Allgemeinstrom,Endmast,550,2024-05-07
Allgemeinstrom,Tragmast,26156,2024-05-07
Allgemeinstrom,Abspannmast,11197,2024-05-08
Allgemeinstrom,Endmast,550,2024-05-08
Allgemeinstrom,Tragmast,26156,2024-05-08
Allgemeinstrom,Abspannmast,11200,2024-05-09
Allgemeinstrom,Endmast,559,2024-05-09
Allgemeinstrom,Tragmast,26300,2024-05-09
Allgemeinstrom,Abspannmast,11200,2024-05-10
Allgemeinstrom,Endmast,559,2024-05-10
Allgemeinstrom,Tragmast,26300,2024-05-10
Allgemeinstrom,Abspannmast,11200,2024-05-11
Allgemeinstrom,Endmast,559,2024-05-11
Allgemeinstrom,Tragmast,26300,2024-05-11
Allgemeinstrom,Abspannmast,11200,2024-05-12
Allgemeinstrom,Endmast,559,2024-05-12
Allgemeinstrom,Tragmast,26300,2024-05-12
Allgemeinstrom,Abspannmast,11200,2024-05-13
Allgemeinstrom,Endmast,559,2024-05-13
Allgemeinstrom,Tragmast,26300,2024-05-13
Allgemeinstrom,Abspannmast,11200,2024-05-14
Allgemeinstrom,Endmast,559,2024-05-14
Allgemeinstrom,Tragmast,26300,2024-05-14
Allgemeinstrom,Abspannmast,11200,2024-05-15
Allgemeinstrom,Endmast,559,2024-05-15
Allgemeinstrom,Tragmast,26300,2024-05-15
Allgemeinstrom,Abspannmast,11200,2024-05-16
Allgemeinstrom,Endmast,559,2024-05-16
Allgemeinstrom,Tragmast,26300,2024-05-16
Allgemeinstrom,Abspannmast,11200,2024-05-17
Allgemeinstrom,Endmast,559,2024-05-17
Allgemeinstrom,Tragmast,26300,2024-05-17
Allgemeinstrom,Abspannmast,11200,2024-05-18
Allgemeinstrom,Endmast,559,2024-05-18
Allgemeinstrom,Tragmast,26300,2024-05-18
Allgemeinstrom,Abspannmast,11200,2024-05-19
Allgemeinstrom,Endmast,559,2024-05-19
Allgemeinstrom,Tragmast,26300,2024-05-19
Allgemeinstrom,Abspannmast,11200,2024-05-20
Allgemeinstrom,Endmast,559,2024-05-20
Allgemeinstrom,Tragmast,26300,2024-05-20
Allgemeinstrom,Abspannmast,11200,2024-05-21
Allgemeinstrom,Endmast,559,2024-05-21
Allgemeinstrom,Tragmast,26300,2024-05-21
Allgemeinstrom,Abspannmast,11200,2024-05-22
Allgemeinstrom,Endmast,559,2024-05-22
Allgemeinstrom,Tragmast,26300,2024-05-22
Allgemeinstrom,Abspannmast,11200,2024-05-23
Allgemeinstrom,Endmast,559,2024-05-23
Allgemeinstrom,Tragmast,26300,2024-05-23
Allgemeinstrom,Abspannmast,11200,2024-05-24
Allgemeinstrom,Endmast,559,2024-05-24
Allgemeinstrom,Tragmast,26300,2024-05-24
Allgemeinstrom,Abspannmast,11200,2024-05-25
Allgemeinstrom,Endmast,559,2024-05-25
Allgemeinstrom,Tragmast,26300,2024-05-25
Allgemeinstrom,Abspannmast,11200,2024-05-26
Allgemeinstrom,Endmast,559,2024-05-26
Allgemeinstrom,Tragmast,26300,2024-05-26
Allgemeinstrom,Abspannmast,11200,2024-05-27
Allgemeinstrom,Endmast,559,2024-05-27
Allgemeinstrom,Tragmast,26300,2024-05-27
Allgemeinstrom,Abspannmast,11200,2024-05-28
Allgemeinstrom,Endmast,559,2024-05-28
Allgemeinstrom,Tragmast,26300,2024-05-28
Allgemeinstrom,Abspannmast,11200,2024-05-29
Allgemeinstrom,Endmast,559,2024-05-29
Allgemeinstrom,Tragmast,26300,2024-05-29
Allgemeinstrom,Abspannmast,11232,2024-05-30
Allgemeinstrom,Endmast,571,2024-05-30
Allgemeinstrom,Tragmast,26612,2024-05-30
Allgemeinstrom,Abspannmast,11232,2024-05-31
Allgemeinstrom,Endmast,571,2024-05-31
Allgemeinstrom,Tragmast,26612,2024-05-31
Allgemeinstrom,Abspannmast,11232,2024-06-01
Allgemeinstrom,Endmast,571,2024-06-01
Allgemeinstrom,Tragmast,26612,2024-06-01
Allgemeinstrom,Abspannmast,11232,2024-06-02
Allgemeinstrom,Endmast,571,2024-06-02
Allgemeinstrom,Tragmast,26612,2024-06-02
Allgemeinstrom,Abspannmast,11232,2024-06-03
Allgemeinstrom,Endmast,571,2024-06-03
Allgemeinstrom,Tragmast,26612,2024-06-03
Allgemeinstrom,Abspannmast,11232,2024-06-04
Allgemeinstrom,Endmast,571,2024-06-04
Allgemeinstrom,Tragmast,26612,2024-06-04
Allgemeinstrom,Abspannmast,11232,2024-06-05
Allgemeinstrom,Endmast,571,2024-06-05
Allgemeinstrom,Tragmast,26612,2024-06-05
Allgemeinstrom,Abspannmast,11077,2024-06-06
Allgemeinstrom,Endmast,571,2024-06-06
Allgemeinstrom,Tragmast,26416,2024-06-06
Allgemeinstrom,Abspannmast,11077,2024-06-07
Allgemeinstrom,Endmast,571,2024-06-07
Allgemeinstrom,Tragmast,26416,2024-06-07
Allgemeinstrom,Abspannmast,11077,2024-06-08
Allgemeinstrom,Endmast,571,2024-06-08
Allgemeinstrom,Tragmast,26416,2024-06-08
Allgemeinstrom,Abspannmast,11077,2024-06-09
Allgemeinstrom,Endmast,571,2024-06-09
Allgemeinstrom,Tragmast,26416,2024-06-09
Allgemeinstrom,Abspannmast,11077,2024-06-10
Allgemeinstrom,Endmast,571,2024-06-10
Allgemeinstrom,Tragmast,26416,2024-06-10
Allgemeinstrom,Abspannmast,11077,2024-06-11
Allgemeinstrom,Endmast,571,2024-06-11
Allgemeinstrom,Tragmast,26416,2024-06-11
Allgemeinstrom,Abspannmast,11077,2024-06-12
Allgemeinstrom,Endmast,571,2024-06-12
Allgemeinstrom,Tragmast,26416,2024-06-12
Allgemeinstrom,Abspannmast,11077,2024-06-13
Allgemeinstrom,Endmast,571,2024-06-13
Allgemeinstrom,Tragmast,26416,2024-06-13
Allgemeinstrom,Abspannmast,11077,2024-06-14
Allgemeinstrom,Endmast,571,2024-06-14
Allgemeinstrom,Tragmast,26416,2024-06-14
Allgemeinstrom,Abspannmast,11077,2024-06-15
Allgemeinstrom,Endmast,571,2024-06-15
Allgemeinstrom,Tragmast,26416,2024-06-15
Allgemeinstrom,Abspannmast,11077,2024-06-16
Allgemeinstrom,Endmast,571,2024-06-16
Allgemeinstrom,Tragmast,26416,2024-06-16
Allgemeinstrom,Abspannmast,11077,2024-06-17
Allgemeinstrom,Endmast,571,2024-06-17
Allgemeinstrom,Tragmast,26416,2024-06-17
Allgemeinstrom,Abspannmast,11077,2024-06-18
Allgemeinstrom,Endmast,571,2024-06-18
Allgemeinstrom,Tragmast,26416,2024-06-18
Allgemeinstrom,Abspannmast,11077,2024-06-19
Allgemeinstrom,Endmast,571,2024-06-19
Allgemeinstrom,Tragmast,26416,2024-06-19
Allgemeinstrom,Abspannmast,11077,2024-06-20
Allgemeinstrom,Endmast,571,2024-06-20
Allgemeinstrom,Tragmast,26416,2024-06-20
Allgemeinstrom,Abspannmast,11077,2024-06-21
Allgemeinstrom,Endmast,571,2024-06-21
Allgemeinstrom,Tragmast,26416,2024-06-21
Allgemeinstrom,Abspannmast,11077,2024-06-22
Allgemeinstrom,Endmast,571,2024-06-22
Allgemeinstrom,Tragmast,26416,2024-06-22
Allgemeinstrom,Abspannmast,11077,2024-06-23
Allgemeinstrom,Endmast,571,2024-06-23
Allgemeinstrom,Tragmast,26416,2024-06-23
Allgemeinstrom,Abspannmast,11077,2024-06-24
Allgemeinstrom,Endmast,571,2024-06-24
Allgemeinstrom,Tragmast,26416,2024-06-24
Allgemeinstrom,Abspannmast,11077,2024-06-25
Allgemeinstrom,Endmast,571,2024-06-25
Allgemeinstrom,Tragmast,26416,2024-06-25
Allgemeinstrom,Abspannmast,11077,2024-06-26
Allgemeinstrom,Endmast,571,2024-06-26
Allgemeinstrom,Tragmast,26416,2024-06-26
Allgemeinstrom,Abspannmast,11077,2024-06-27
Allgemeinstrom,Endmast,571,2024-06-27
Allgemeinstrom,Tragmast,26416,2024-06-27
Allgemeinstrom,Abspannmast,11083,2024-06-28
Allgemeinstrom,Endmast,571,2024-06-28
Allgemeinstrom,Tragmast,26417,2024-06-28
Allgemeinstrom,Abspannmast,11083,2024-06-29
Allgemeinstrom,Endmast,571,2024-06-29
Allgemeinstrom,Tragmast,26417,2024-06-29
Allgemeinstrom,Abspannmast,11083,2024-06-30
Allgemeinstrom,Endmast,571,2024-06-30
Allgemeinstrom,Tragmast,26417,2024-06-30
Allgemeinstrom,Abspannmast,11083,2024-07-01
Allgemeinstrom,Endmast,571,2024-07-01
Allgemeinstrom,Tragmast,26417,2024-07-01
Allgemeinstrom,Abspannmast,11083,2024-07-02
Allgemeinstrom,Endmast,571,2024-07-02
Allgemeinstrom,Tragmast,26417,2024-07-02
Allgemeinstrom,Abspannmast,11083,2024-07-03
Allgemeinstrom,Endmast,571,2024-07-03
Allgemeinstrom,Tragmast,26417,2024-07-03
Allgemeinstrom,Abspannmast,11083,2024-07-04
Allgemeinstrom,Endmast,571,2024-07-04
Allgemeinstrom,Tragmast,26417,2024-07-04
Allgemeinstrom,Abspannmast,11083,2024-07-05
Allgemeinstrom,Endmast,571,2024-07-05
Allgemeinstrom,Tragmast,26417,2024-07-05
Allgemeinstrom,Abspannmast,11083,2024-07-06
Allgemeinstrom,Endmast,571,2024-07-06
Allgemeinstrom,Tragmast,26417,2024-07-06
Allgemeinstrom,Abspannmast,11083,2024-07-07
Allgemeinstrom,Endmast,571,2024-07-07
Allgemeinstrom,Tragmast,26417,2024-07-07
Allgemeinstrom,Abspannmast,11083,2024-07-08
Allgemeinstrom,Endmast,571,2024-07-08
Allgemeinstrom,Tragmast,26417,2024-07-08
Allgemeinstrom,Abspannmast,11083,2024-07-09
Allgemeinstrom,Endmast,571,2024-07-09
Allgemeinstrom,Tragmast,26417,2024-07-09
Allgemeinstrom,Abspannmast,11083,2024-07-10
Allgemeinstrom,Endmast,571,2024-07-10
Allgemeinstrom,Tragmast,26417,2024-07-10
Allgemeinstrom,Abspannmast,11083,2024-07-11
Allgemeinstrom,Endmast,571,2024-07-11
Allgemeinstrom,Tragmast,26417,2024-07-11
Allgemeinstrom,Abspannmast,11083,2024-07-12
Allgemeinstrom,Endmast,571,2024-07-12
Allgemeinstrom,Tragmast,26417,2024-07-12
Allgemeinstrom,Abspannmast,11083,2024-07-13
Allgemeinstrom,Endmast,571,2024-07-13
Allgemeinstrom,Tragmast,26417,2024-07-13
Allgemeinstrom,Abspannmast,11083,2024-07-14
Allgemeinstrom,Endmast,571,2024-07-14
Allgemeinstrom,Tragmast,26417,2024-07-14
Allgemeinstrom,Abspannmast,11083,2024-07-15
Allgemeinstrom,Endmast,571,2024-07-15
Allgemeinstrom,Tragmast,26417,2024-07-15
Allgemeinstrom,Abspannmast,11083,2024-07-16
Allgemeinstrom,Endmast,571,2024-07-16
Allgemeinstrom,Tragmast,26417,2024-07-16
Allgemeinstrom,Abspannmast,11083,2024-07-17
Allgemeinstrom,Endmast,571,2024-07-17
Allgemeinstrom,Tragmast,26417,2024-07-17
Allgemeinstrom,Abspannmast,11083,2024-07-18
Allgemeinstrom,Endmast,571,2024-07-18
Allgemeinstrom,Tragmast,26417,2024-07-18
Allgemeinstrom,Abspannmast,11083,2024-07-19
Allgemeinstrom,Endmast,571,2024-07-19
Allgemeinstrom,Tragmast,26417,2024-07-19
Allgemeinstrom,Abspannmast,11083,2024-07-20
Allgemeinstrom,Endmast,571,2024-07-20
Allgemeinstrom,Tragmast,26417,2024-07-20
Allgemeinstrom,Abspannmast,11083,2024-07-21
Allgemeinstrom,Endmast,571,2024-07-21
Allgemeinstrom,Tragmast,26417,2024-07-21
Allgemeinstrom,Abspannmast,11083,2024-07-22
Allgemeinstrom,Endmast,571,2024-07-22
Allgemeinstrom,Tragmast,26417,2024-07-22
Allgemeinstrom,Abspannmast,11134,2024-07-23
Allgemeinstrom,Endmast,571,2024-07-23
Allgemeinstrom,Tragmast,26612,2024-07-23
Allgemeinstrom,Abspannmast,11134,2024-07-24
Allgemeinstrom,Endmast,571,2024-07-24
Allgemeinstrom,Tragmast,26612,2024-07-24
Allgemeinstrom,Abspannmast,11134,2024-07-25
Allgemeinstrom,Endmast,571,2024-07-25
Allgemeinstrom,Tragmast,26612,2024-07-25
Allgemeinstrom,Abspannmast,11134,2024-07-26
Allgemeinstrom,Endmast,571,2024-07-26
Allgemeinstrom,Tragmast,26612,2024-07-26
Allgemeinstrom,Abspannmast,11134,2024-07-27
Allgemeinstrom,Endmast,571,2024-07-27
Allgemeinstrom,Tragmast,26612,2024-07-27
Allgemeinstrom,Abspannmast,11134,2024-07-28
Allgemeinstrom,Endmast,571,2024-07-28
Allgemeinstrom,Tragmast,26612,2024-07-28
Allgemeinstrom,Abspannmast,11134,2024-07-29
Allgemeinstrom,Endmast,571,2024-07-29
Allgemeinstrom,Tragmast,26612,2024-07-29
Allgemeinstrom,Abspannmast,11264,2024-07-30
Allgemeinstrom,Endmast,641,2024-07-30
Allgemeinstrom,Tragmast,26445,2024-07-30
Allgemeinstrom,Abspannmast,11264,2024-07-31
Allgemeinstrom,Endmast,641,2024-07-31
Allgemeinstrom,Tragmast,26445,2024-07-31
Allgemeinstrom,Abspannmast,11264,2024-08-01
Allgemeinstrom,Endmast,641,2024-08-01
Allgemeinstrom,Tragmast,26445,2024-08-01
Allgemeinstrom,Abspannmast,11264,2024-08-02
Allgemeinstrom,Endmast,641,2024-08-02
Allgemeinstrom,Tragmast,26445,2024-08-02
Allgemeinstrom,Abspannmast,11264,2024-08-03
Allgemeinstrom,Endmast,641,2024-08-03
Allgemeinstrom,Tragmast,26445,2024-08-03
Allgemeinstrom,Abspannmast,11264,2024-08-04
Allgemeinstrom,Endmast,641,2024-08-04
Allgemeinstrom,Tragmast,26445,2024-08-04
Allgemeinstrom,Abspannmast,11264,2024-08-05
Allgemeinstrom,Endmast,641,2024-08-05
Allgemeinstrom,Tragmast,26445,2024-08-05
Allgemeinstrom,Abspannmast,11264,2024-08-06
Allgemeinstrom,Endmast,641,2024-08-06
Allgemeinstrom,Tragmast,26405,2024-08-06
Allgemeinstrom,Abspannmast,11264,2024-08-07
Allgemeinstrom,Endmast,641,2024-08-07
Allgemeinstrom,Tragmast,26405,2024-08-07
Allgemeinstrom,Abspannmast,11264,2024-08-08
Allgemeinstrom,Endmast,641,2024-08-08
Allgemeinstrom,Tragmast,26405,2024-08-08
Allgemeinstrom,Abspannmast,11264,2024-08-09
Allgemeinstrom,Endmast,641,2024-08-09
Allgemeinstrom,Tragmast,26405,2024-08-09
Allgemeinstrom,Abspannmast,11264,2024-08-10
Allgemeinstrom,Endmast,641,2024-08-10
Allgemeinstrom,Tragmast,26405,2024-08-10
Allgemeinstrom,Abspannmast,11264,2024-08-11
Allgemeinstrom,Endmast,641,2024-08-11
Allgemeinstrom,Tragmast,26405,2024-08-11
Allgemeinstrom,Abspannmast,11264,2024-08-12
Allgemeinstrom,Endmast,641,2024-08-12
Allgemeinstrom,Tragmast,26405,2024-08-12
Allgemeinstrom,Abspannmast,11264,2024-08-13
Allgemeinstrom,Endmast,641,2024-08-13
Allgemeinstrom,Tragmast,26405,2024-08-13
Allgemeinstrom,Abspannmast,11264,2024-08-14
Allgemeinstrom,Endmast,641,2024-08-14
Allgemeinstrom,Tragmast,26405,2024-08-14
Allgemeinstrom,Abspannmast,11264,2024-08-15
Allgemeinstrom,Endmast,641,2024-08-15
Allgemeinstrom,Tragmast,26405,2024-08-15
Allgemeinstrom,Abspannmast,11264,2024-08-16
Allgemeinstrom,Endmast,641,2024-08-16
Allgemeinstrom,Tragmast,26405,2024-08-16
Allgemeinstrom,Abspannmast,11264,2024-08-17
Allgemeinstrom,Endmast,641,2024-08-17
Allgemeinstrom,Tragmast,26405,2024-08-17
Allgemeinstrom,Abspannmast,11264,2024-08-18
Allgemeinstrom,Endmast,641,2024-08-18
Allgemeinstrom,Tragmast,26405,2024-08-18
Allgemeinstrom,Abspannmast,11264,2024-08-19
Allgemeinstrom,Endmast,641,2024-08-19
Allgemeinstrom,Tragmast,26405,2024-08-19
Allgemeinstrom,Abspannmast,11264,2024-08-20
Allgemeinstrom,Endmast,641,2024-08-20
Allgemeinstrom,Tragmast,26405,2024-08-20
Allgemeinstrom,Abspannmast,11264,2024-08-21
Allgemeinstrom,Endmast,641,2024-08-21
Allgemeinstrom,Tragmast,26405,2024-08-21
Allgemeinstrom,Abspannmast,11264,2024-08-22
Allgemeinstrom,Endmast,641,2024-08-22
Allgemeinstrom,Tragmast,26405,2024-08-22
Allgemeinstrom,Abspannmast,11264,2024-08-23
Allgemeinstrom,Endmast,641,2024-08-23
Allgemeinstrom,Tragmast,26405,2024-08-23
Allgemeinstrom,Abspannmast,11264,2024-08-24
Allgemeinstrom,Endmast,641,2024-08-24
Allgemeinstrom,Tragmast,26405,2024-08-24
Allgemeinstrom,Abspannmast,11264,2024-08-25
Allgemeinstrom,Endmast,641,2024-08-25
Allgemeinstrom,Tragmast,26405,2024-08-25
Allgemeinstrom,Abspannmast,11264,2024-08-26
Allgemeinstrom,Endmast,641,2024-08-26
Allgemeinstrom,Tragmast,26405,2024-08-26
Allgemeinstrom,Abspannmast,11264,2024-08-27
Allgemeinstrom,Endmast,641,2024-08-27
Allgemeinstrom,Tragmast,26405,2024-08-27
Allgemeinstrom,Abspannmast,11264,2024-08-28
Allgemeinstrom,Endmast,641,2024-08-28
Allgemeinstrom,Tragmast,26405,2024-08-28
Allgemeinstrom,Abspannmast,11264,2024-08-29
Allgemeinstrom,Endmast,641,2024-08-29
Allgemeinstrom,Tragmast,26405,2024-08-29
Allgemeinstrom,Abspannmast,11264,2024-08-30
Allgemeinstrom,Endmast,641,2024-08-30
Allgemeinstrom,Tragmast,26405,2024-08-30
Allgemeinstrom,Abspannmast,11264,2024-08-31
Allgemeinstrom,Endmast,641,2024-08-31
Allgemeinstrom,Tragmast,26405,2024-08-31
Allgemeinstrom,Abspannmast,11264,2024-09-01
Allgemeinstrom,Endmast,641,2024-09-01
Allgemeinstrom,Tragmast,26405,2024-09-01
Allgemeinstrom,Abspannmast,11264,2024-09-02
Allgemeinstrom,Endmast,641,2024-09-02
Allgemeinstrom,Tragmast,26405,2024-09-02
Allgemeinstrom,Abspannmast,11264,2024-09-03
Allgemeinstrom,Endmast,641,2024-09-03
Allgemeinstrom,Tragmast,26405,2024-09-03
Allgemeinstrom,Abspannmast,11264,2024-09-04
Allgemeinstrom,Endmast,641,2024-09-04
Allgemeinstrom,Tragmast,26405,2024-09-04
Allgemeinstrom,Abspannmast,11264,2024-09-05
Allgemeinstrom,Endmast,641,2024-09-05
Allgemeinstrom,Tragmast,26405,2024-09-05
Allgemeinstrom,Abspannmast,11264,2024-09-06
Allgemeinstrom,Endmast,641,2024-09-06
Allgemeinstrom,Tragmast,26405,2024-09-06
Allgemeinstrom,Abspannmast,11267,2024-09-07
Allgemeinstrom,Endmast,641,2024-09-07
Allgemeinstrom,Tragmast,26402,2024-09-07
Allgemeinstrom,Abspannmast,11267,2024-09-08
Allgemeinstrom,Endmast,641,2024-09-08
Allgemeinstrom,Tragmast,26402,2024-09-08
Allgemeinstrom,Abspannmast,11267,2024-09-09
Allgemeinstrom,Endmast,641,2024-09-09
Allgemeinstrom,Tragmast,26402,2024-09-09
Allgemeinstrom,Abspannmast,11267,2024-09-10
Allgemeinstrom,Endmast,641,2024-09-10
Allgemeinstrom,Tragmast,26402,2024-09-10
Allgemeinstrom,Abspannmast,11267,2024-09-11
Allgemeinstrom,Endmast,641,2024-09-11
Allgemeinstrom,Tragmast,26402,2024-09-11
Allgemeinstrom,Abspannmast,11267,2024-09-13
Allgemeinstrom,Endmast,641,2024-09-13
Allgemeinstrom,Tragmast,26402,2024-09-13
Allgemeinstrom,Abspannmast,11267,2024-09-14
Allgemeinstrom,Endmast,641,2024-09-14
Allgemeinstrom,Tragmast,26402,2024-09-14
Allgemeinstrom,Abspannmast,11267,2024-09-15
Allgemeinstrom,Endmast,641,2024-09-15
Allgemeinstrom,Tragmast,26402,2024-09-15
Allgemeinstrom,Abspannmast,11267,2024-09-16
Allgemeinstrom,Endmast,641,2024-09-16
Allgemeinstrom,Tragmast,26402,2024-09-16
Allgemeinstrom,Abspannmast,11267,2024-09-17
Allgemeinstrom,Endmast,641,2024-09-17
Allgemeinstrom,Tragmast,26402,2024-09-17
Allgemeinstrom,Abspannmast,11267,2024-09-18
Allgemeinstrom,Endmast,641,2024-09-18
Allgemeinstrom,Tragmast,26402,2024-09-18
Allgemeinstrom,Abspannmast,11267,2024-09-19
Allgemeinstrom,Endmast,641,2024-09-19
Allgemeinstrom,Tragmast,26402,2024-09-19
Allgemeinstrom,Abspannmast,11554,2024-09-20
Allgemeinstrom,Endmast,642,2024-09-20
Allgemeinstrom,Tragmast,26438,2024-09-20
Allgemeinstrom,Abspannmast,11554,2024-09-21
Allgemeinstrom,Endmast,642,2024-09-21
Allgemeinstrom,Tragmast,26438,2024-09-21
Allgemeinstrom,Abspannmast,11554,2024-09-22
Allgemeinstrom,Endmast,642,2024-09-22
Allgemeinstrom,Tragmast,26438,2024-09-22
Allgemeinstrom,Abspannmast,11554,2024-09-23
Allgemeinstrom,Endmast,642,2024-09-23
Allgemeinstrom,Tragmast,26438,2024-09-23
Allgemeinstrom,Abspannmast,11554,2024-09-24
Allgemeinstrom,Endmast,642,2024-09-24
Allgemeinstrom,Tragmast,26438,2024-09-24
Allgemeinstrom,Abspannmast,11554,2024-09-25
Allgemeinstrom,Endmast,642,2024-09-25
Allgemeinstrom,Tragmast,26438,2024-09-25
Allgemeinstrom,Abspannmast,11554,2024-09-26
Allgemeinstrom,Endmast,642,2024-09-26
Allgemeinstrom,Tragmast,26438,2024-09-26
Allgemeinstrom,Abspannmast,11554,2024-09-27
Allgemeinstrom,Endmast,642,2024-09-27
Allgemeinstrom,Tragmast,26438,2024-09-27
Allgemeinstrom,Abspannmast,11554,2024-09-28
Allgemeinstrom,Endmast,642,2024-09-28
Allgemeinstrom,Tragmast,26438,2024-09-28
Allgemeinstrom,Abspannmast,11554,2024-09-29
Allgemeinstrom,Endmast,642,2024-09-29
Allgemeinstrom,Tragmast,26438,2024-09-29
Allgemeinstrom,Abspannmast,11554,2024-09-30
Allgemeinstrom,Endmast,642,2024-09-30
Allgemeinstrom,Tragmast,26438,2024-09-30
Allgemeinstrom,Abspannmast,11554,2024-10-01
Allgemeinstrom,Endmast,642,2024-10-01
Allgemeinstrom,Tragmast,26438,2024-10-01
Allgemeinstrom,Abspannmast,11554,2024-10-02
Allgemeinstrom,Endmast,642,2024-10-02
Allgemeinstrom,Tragmast,26438,2024-10-02
Allgemeinstrom,Abspannmast,11554,2024-10-03
Allgemeinstrom,Endmast,642,2024-10-03
Allgemeinstrom,Tragmast,26438,2024-10-03
Allgemeinstrom,Abspannmast,11554,2024-10-04
Allgemeinstrom,Endmast,642,2024-10-04
Allgemeinstrom,Tragmast,26438,2024-10-04
Allgemeinstrom,Abspannmast,11555,2024-10-05
Allgemeinstrom,Endmast,642,2024-10-05
Allgemeinstrom,Tragmast,26437,2024-10-05
Allgemeinstrom,Abspannmast,11555,2024-10-06
Allgemeinstrom,Endmast,642,2024-10-06
Allgemeinstrom,Tragmast,26437,2024-10-06
Allgemeinstrom,Abspannmast,11555,2024-10-07
Allgemeinstrom,Endmast,642,2024-10-07
Allgemeinstrom,Tragmast,26437,2024-10-07
Allgemeinstrom,Abspannmast,11555,2024-10-08
Allgemeinstrom,Endmast,642,2024-10-08
Allgemeinstrom,Tragmast,26437,2024-10-08
Allgemeinstrom,Abspannmast,11555,2024-10-09
Allgemeinstrom,Endmast,642,2024-10-09
Allgemeinstrom,Tragmast,26437,2024-10-09
Allgemeinstrom,Abspannmast,11555,2024-10-10
Allgemeinstrom,Endmast,642,2024-10-10
Allgemeinstrom,Tragmast,26437,2024-10-10
Allgemeinstrom,Abspannmast,11555,2024-10-11
Allgemeinstrom,Endmast,642,2024-10-11
Allgemeinstrom,Tragmast,26437,2024-10-11
Allgemeinstrom,Abspannmast,11555,2024-10-12
Allgemeinstrom,Endmast,642,2024-10-12
Allgemeinstrom,Tragmast,26437,2024-10-12
Allgemeinstrom,Abspannmast,11555,2024-10-13
Allgemeinstrom,Endmast,642,2024-10-13
Allgemeinstrom,Tragmast,26437,2024-10-13
Allgemeinstrom,Abspannmast,11555,2024-10-14
Allgemeinstrom,Endmast,642,2024-10-14
Allgemeinstrom,Tragmast,26437,2024-10-14
Allgemeinstrom,Abspannmast,11549,2024-10-15
Allgemeinstrom,Endmast,643,2024-10-15
Allgemeinstrom,Tragmast,26431,2024-10-15
Allgemeinstrom,Abspannmast,11549,2024-10-16
Allgemeinstrom,Endmast,643,2024-10-16
Allgemeinstrom,Tragmast,26431,2024-10-16
Allgemeinstrom,Abspannmast,11549,2024-10-17
Allgemeinstrom,Endmast,643,2024-10-17
Allgemeinstrom,Tragmast,26431,2024-10-17
Allgemeinstrom,Abspannmast,11549,2024-10-18
Allgemeinstrom,Endmast,643,2024-10-18
Allgemeinstrom,Tragmast,26431,2024-10-18
Allgemeinstrom,Abspannmast,11549,2024-10-19
Allgemeinstrom,Endmast,643,2024-10-19
Allgemeinstrom,Tragmast,26431,2024-10-19
Allgemeinstrom,Abspannmast,11549,2024-10-20
Allgemeinstrom,Endmast,643,2024-10-20
Allgemeinstrom,Tragmast,26431,2024-10-20
Allgemeinstrom,Abspannmast,11549,2024-10-21
Allgemeinstrom,Endmast,643,2024-10-21
Allgemeinstrom,Tragmast,26431,2024-10-21
Allgemeinstrom,Abspannmast,11549,2024-10-22
Allgemeinstrom,Endmast,643,2024-10-22
Allgemeinstrom,Tragmast,26431,2024-10-22
Allgemeinstrom,Abspannmast,11549,2024-10-23
Allgemeinstrom,Endmast,643,2024-10-23
Allgemeinstrom,Tragmast,26431,2024-10-23
Allgemeinstrom,Abspannmast,11549,2024-10-24
Allgemeinstrom,Endmast,643,2024-10-24
Allgemeinstrom,Tragmast,26431,2024-10-24
Allgemeinstrom,Abspannmast,11549,2024-10-25
Allgemeinstrom,Endmast,643,2024-10-25
Allgemeinstrom,Tragmast,26431,2024-10-25
Allgemeinstrom,Abspannmast,11557,2024-10-26
Allgemeinstrom,Endmast,643,2024-10-26
Allgemeinstrom,Tragmast,26475,2024-10-26
Allgemeinstrom,Abspannmast,11557,2024-10-27
Allgemeinstrom,Endmast,643,2024-10-27
Allgemeinstrom,Tragmast,26475,2024-10-27
Allgemeinstrom,Abspannmast,11557,2024-10-28
Allgemeinstrom,Endmast,643,2024-10-28
Allgemeinstrom,Tragmast,26475,2024-10-28
Allgemeinstrom,Abspannmast,11557,2024-10-29
Allgemeinstrom,Endmast,643,2024-10-29
Allgemeinstrom,Tragmast,26475,2024-10-29
Allgemeinstrom,Abspannmast,11557,2024-10-31
Allgemeinstrom,Endmast,643,2024-10-31
Allgemeinstrom,Tragmast,26475,2024-10-31
Allgemeinstrom,Abspannmast,11557,2024-11-01
Allgemeinstrom,Endmast,643,2024-11-01
Allgemeinstrom,Tragmast,26475,2024-11-01
Allgemeinstrom,Abspannmast,11557,2024-11-02
Allgemeinstrom,Endmast,643,2024-11-02
Allgemeinstrom,Tragmast,26475,2024-11-02
Allgemeinstrom,Abspannmast,11557,2024-11-03
Allgemeinstrom,Endmast,643,2024-11-03
Allgemeinstrom,Tragmast,26475,2024-11-03
Allgemeinstrom,Abspannmast,11557,2024-11-04
Allgemeinstrom,Endmast,643,2024-11-04
Allgemeinstrom,Tragmast,26475,2024-11-04
Allgemeinstrom,Abspannmast,11557,2024-11-05
Allgemeinstrom,Endmast,643,2024-11-05
Allgemeinstrom,Tragmast,26475,2024-11-05
Allgemeinstrom,Abspannmast,11557,2024-11-06
Allgemeinstrom,Endmast,643,2024-11-06
Allgemeinstrom,Tragmast,26475,2024-11-06
Allgemeinstrom,Abspannmast,11557,2024-11-07
Allgemeinstrom,Endmast,643,2024-11-07
Allgemeinstrom,Tragmast,26475,2024-11-07
Allgemeinstrom,Abspannmast,11557,2024-11-08
Allgemeinstrom,Endmast,643,2024-11-08
Allgemeinstrom,Tragmast,26475,2024-11-08
Allgemeinstrom,Abspannmast,11557,2024-11-09
Allgemeinstrom,Endmast,643,2024-11-09
Allgemeinstrom,Tragmast,26475,2024-11-09
Allgemeinstrom,Abspannmast,11557,2024-11-10
Allgemeinstrom,Endmast,643,2024-11-10
Allgemeinstrom,Tragmast,26475,2024-11-10
Allgemeinstrom,Abspannmast,11557,2024-11-11
Allgemeinstrom,Endmast,643,2024-11-11
Allgemeinstrom,Tragmast,26475,2024-11-11
Allgemeinstrom,Abspannmast,11557,2024-11-12
Allgemeinstrom,Endmast,643,2024-11-12
Allgemeinstrom,Tragmast,26475,2024-11-12
Allgemeinstrom,Abspannmast,11557,2024-11-13
Allgemeinstrom,Endmast,643,2024-11-13
Allgemeinstrom,Tragmast,26475,2024-11-13
Allgemeinstrom,Abspannmast,11557,2024-11-14
Allgemeinstrom,Endmast,643,2024-11-14
Allgemeinstrom,Tragmast,26475,2024-11-14
Allgemeinstrom,Abspannmast,11557,2024-11-15
Allgemeinstrom,Endmast,643,2024-11-15
Allgemeinstrom,Tragmast,26475,2024-11-15
Allgemeinstrom,Abspannmast,11557,2024-11-16
Allgemeinstrom,Endmast,643,2024-11-16
Allgemeinstrom,Tragmast,26475,2024-11-16
Allgemeinstrom,Abspannmast,11557,2024-11-17
Allgemeinstrom,Endmast,643,2024-11-17
Allgemeinstrom,Tragmast,26475,2024-11-17
Allgemeinstrom,Abspannmast,11557,2024-11-18
Allgemeinstrom,Endmast,643,2024-11-18
Allgemeinstrom,Tragmast,26475,2024-11-18
Allgemeinstrom,Abspannmast,11557,2024-11-19
Allgemeinstrom,Endmast,643,2024-11-19
Allgemeinstrom,Tragmast,26475,2024-11-19
Allgemeinstrom,Abspannmast,11557,2024-11-20
Allgemeinstrom,Endmast,643,2024-11-20
Allgemeinstrom,Tragmast,26475,2024-11-20
Allgemeinstrom,Abspannmast,11557,2024-11-21
Allgemeinstrom,Endmast,643,2024-11-21
Allgemeinstrom,Tragmast,26475,2024-11-21
Allgemeinstrom,Abspannmast,11557,2024-11-22
Allgemeinstrom,Endmast,643,2024-11-22
Allgemeinstrom,Tragmast,26475,2024-11-22
Allgemeinstrom,Abspannmast,11557,2024-11-23
Allgemeinstrom,Endmast,643,2024-11-23
Allgemeinstrom,Tragmast,26475,2024-11-23
Allgemeinstrom,Abspannmast,11557,2024-11-24
Allgemeinstrom,Endmast,643,2024-11-24
Allgemeinstrom,Tragmast,26475,2024-11-24
Allgemeinstrom,Abspannmast,11557,2024-11-25
Allgemeinstrom,Endmast,643,2024-11-25
Allgemeinstrom,Tragmast,26475,2024-11-25
Allgemeinstrom,Abspannmast,11557,2024-11-26
Allgemeinstrom,Endmast,643,2024-11-26
Allgemeinstrom,Tragmast,26475,2024-11-26
Allgemeinstrom,Abspannmast,11557,2024-11-27
Allgemeinstrom,Endmast,643,2024-11-27
Allgemeinstrom,Tragmast,26475,2024-11-27
Allgemeinstrom,Abspannmast,11557,2024-11-28
Allgemeinstrom,Endmast,643,2024-11-28
Allgemeinstrom,Tragmast,26475,2024-11-28
Allgemeinstrom,Abspannmast,11557,2024-11-29
Allgemeinstrom,Endmast,643,2024-11-29
Allgemeinstrom,Tragmast,26475,2024-11-29
Allgemeinstrom,Abspannmast,11557,2024-11-30
Allgemeinstrom,Endmast,643,2024-11-30
Allgemeinstrom,Tragmast,26475,2024-11-30
Allgemeinstrom,Abspannmast,11557,2024-12-01
Allgemeinstrom,Endmast,643,2024-12-01
Allgemeinstrom,Tragmast,26475,2024-12-01
Allgemeinstrom,Abspannmast,11557,2024-12-02
Allgemeinstrom,Endmast,643,2024-12-02
Allgemeinstrom,Tragmast,26475,2024-12-02
Allgemeinstrom,Abspannmast,11559,2024-12-03
Allgemeinstrom,Endmast,646,2024-12-03
Allgemeinstrom,Tragmast,26477,2024-12-03
Allgemeinstrom,Abspannmast,11559,2024-12-04
Allgemeinstrom,Endmast,646,2024-12-04
Allgemeinstrom,Tragmast,26477,2024-12-04
Allgemeinstrom,Abspannmast,11559,2024-12-05
Allgemeinstrom,Endmast,646,2024-12-05
Allgemeinstrom,Tragmast,26477,2024-12-05
Allgemeinstrom,Abspannmast,11559,2024-12-06
Allgemeinstrom,Endmast,646,2024-12-06
Allgemeinstrom,Tragmast,26477,2024-12-06
Allgemeinstrom,Abspannmast,11559,2024-12-07
Allgemeinstrom,Endmast,646,2024-12-07
Allgemeinstrom,Tragmast,26477,2024-12-07
Allgemeinstrom,Abspannmast,11559,2024-12-08
Allgemeinstrom,Endmast,646,2024-12-08
Allgemeinstrom,Tragmast,26477,2024-12-08
Allgemeinstrom,Abspannmast,11559,2024-12-09
Allgemeinstrom,Endmast,646,2024-12-09
Allgemeinstrom,Tragmast,26477,2024-12-09
Allgemeinstrom,Abspannmast,11559,2024-12-10
Allgemeinstrom,Endmast,646,2024-12-10
Allgemeinstrom,Tragmast,26477,2024-12-10
Allgemeinstrom,Abspannmast,11559,2024-12-11
Allgemeinstrom,Endmast,646,2024-12-11
Allgemeinstrom,Tragmast,26477,2024-12-11
Allgemeinstrom,Abspannmast,11559,2024-12-12
Allgemeinstrom,Endmast,646,2024-12-12
Allgemeinstrom,Tragmast,26477,2024-12-12
Allgemeinstrom,Abspannmast,11559,2024-12-13
Allgemeinstrom,Endmast,646,2024-12-13
Allgemeinstrom,Tragmast,26477,2024-12-13
Allgemeinstrom,Abspannmast,11559,2024-12-14
Allgemeinstrom,Endmast,646,2024-12-14
Allgemeinstrom,Tragmast,26477,2024-12-14
Allgemeinstrom,Abspannmast,11559,2024-12-15
Allgemeinstrom,Endmast,646,2024-12-15
Allgemeinstrom,Tragmast,26477,2024-12-15
Allgemeinstrom,Abspannmast,11559,2024-12-16
Allgemeinstrom,Endmast,646,2024-12-16
Allgemeinstrom,Tragmast,26477,2024-12-16
Allgemeinstrom,Abspannmast,11559,2024-12-17
Allgemeinstrom,Endmast,646,2024-12-17
Allgemeinstrom,Tragmast,26477,2024-12-17
Allgemeinstrom,Abspannmast,11559,2024-12-18
Allgemeinstrom,Endmast,646,2024-12-18
Allgemeinstrom,Tragmast,26477,2024-12-18
Allgemeinstrom,Abspannmast,11559,2024-12-19
Allgemeinstrom,Endmast,646,2024-12-19
Allgemeinstrom,Tragmast,26477,2024-12-19
Allgemeinstrom,Abspannmast,11559,2024-12-20
Allgemeinstrom,Endmast,646,2024-12-20
Allgemeinstrom,Tragmast,26477,2024-12-20
Allgemeinstrom,Abspannmast,11559,2024-12-21
Allgemeinstrom,Endmast,646,2024-12-21
Allgemeinstrom,Tragmast,26477,2024-12-21
Allgemeinstrom,Abspannmast,11559,2024-12-22
Allgemeinstrom,Endmast,646,2024-12-22
Allgemeinstrom,Tragmast,26477,2024-12-22
Allgemeinstrom,Abspannmast,11559,2024-12-23
Allgemeinstrom,Endmast,646,2024-12-23
Allgemeinstrom,Tragmast,26477,2024-12-23
Allgemeinstrom,Abspannmast,11559,2024-12-24
Allgemeinstrom,Endmast,646,2024-12-24
Allgemeinstrom,Tragmast,26477,2024-12-24
Allgemeinstrom,Abspannmast,11559,2024-12-25
Allgemeinstrom,Endmast,646,2024-12-25
Allgemeinstrom,Tragmast,26477,2024-12-25
Allgemeinstrom,Abspannmast,11559,2024-12-26
Allgemeinstrom,Endmast,646,2024-12-26
Allgemeinstrom,Tragmast,26477,2024-12-26
Allgemeinstrom,Abspannmast,11559,2024-12-27
Allgemeinstrom,Endmast,646,2024-12-27
Allgemeinstrom,Tragmast,26477,2024-12-27
Allgemeinstrom,Abspannmast,11559,2024-12-29
Allgemeinstrom,Endmast,646,2024-12-29
Allgemeinstrom,Tragmast,26477,2024-12-29
Allgemeinstrom,Abspannmast,11559,2024-12-30
Allgemeinstrom,Endmast,646,2024-12-30
Allgemeinstrom,Tragmast,26477,2024-12-30
Allgemeinstrom,Abspannmast,11559,2024-12-31
Allgemeinstrom,Endmast,646,2024-12-31
Allgemeinstrom,Tragmast,26477,2024-12-31
Allgemeinstrom,Abspannmast,11559,2025-01-01
Allgemeinstrom,Endmast,646,2025-01-01
Allgemeinstrom,Tragmast,26477,2025-01-01
Allgemeinstrom,Abspannmast,11559,2025-01-02
Allgemeinstrom,Endmast,646,2025-01-02
Allgemeinstrom,Tragmast,26477,2025-01-02
Allgemeinstrom,Abspannmast,11559,2025-01-03
Allgemeinstrom,Endmast,646,2025-01-03
Allgemeinstrom,Tragmast,26477,2025-01-03
Allgemeinstrom,Abspannmast,11559,2025-01-04
Allgemeinstrom,Endmast,646,2025-01-04
Allgemeinstrom,Tragmast,26477,2025-01-04
Allgemeinstrom,Abspannmast,11559,2025-01-05
Allgemeinstrom,Endmast,646,2025-01-05
Allgemeinstrom,Tragmast,26477,2025-01-05
Allgemeinstrom,Abspannmast,11559,2025-01-06
Allgemeinstrom,Endmast,646,2025-01-06
Allgemeinstrom,Tragmast,26477,2025-01-06
Allgemeinstrom,Abspannmast,11559,2025-01-07
Allgemeinstrom,Endmast,646,2025-01-07
Allgemeinstrom,Tragmast,26477,2025-01-07
Allgemeinstrom,Abspannmast,11559,2025-01-08
Allgemeinstrom,Endmast,646,2025-01-08
Allgemeinstrom,Tragmast,26477,2025-01-08
Allgemeinstrom,Abspannmast,11559,2025-01-09
Allgemeinstrom,Endmast,646,2025-01-09
Allgemeinstrom,Tragmast,26477,2025-01-09
Allgemeinstrom,Abspannmast,11559,2025-01-10
Allgemeinstrom,Endmast,646,2025-01-10
Allgemeinstrom,Tragmast,26477,2025-01-10
