StromnetzTyp,StationTyp,Anzahl,Datum
Allgemeinstrom,Transformatorenstation,131,2023-06-21
Allgemeinstrom,Uebergangsbauwerk,3,2023-06-21
Allgemeinstrom,Unterwerk,191,2023-06-21
Allgemeinstrom,Transformatorenstation,131,2023-06-27
Allgemeinstrom,Uebergangsbauwerk,3,2023-06-27
Allgemeinstrom,Unterwerk,195,2023-06-27
Allgemeinstrom,Transformatorenstation,131,2023-06-28
Allgemeinstrom,Uebergangsbauwerk,3,2023-06-28
Allgemeinstrom,Unterwerk,195,2023-06-28
Allgemeinstrom,Transformatorenstation,131,2023-06-29
Allgemeinstrom,Uebergangsbauwerk,3,2023-06-29
Allgemeinstrom,Unterwerk,248,2023-06-29
Allgemeinstrom,Transformatorenstation,131,2023-06-30
Allgemeinstrom,Uebergangsbauwerk,3,2023-06-30
Allgemeinstrom,Unterwerk,248,2023-06-30
Allgemeinstrom,Transformatorenstation,131,2023-07-01
Allgemeinstrom,Uebergangsbauwerk,3,2023-07-01
Allgemeinstrom,Unterwerk,248,2023-07-01
Allgemeinstrom,Transformatorenstation,131,2023-07-02
Allgemeinstrom,Uebergangsbauwerk,3,2023-07-02
Allgemeinstrom,Unterwerk,248,2023-07-02
Allgemeinstrom,Transformatorenstation,131,2023-07-03
Allgemeinstrom,Uebergangsbauwerk,3,2023-07-03
Allgemeinstrom,Unterwerk,248,2023-07-03
Allgemeinstrom,Transformatorenstation,131,2023-07-04
Allgemeinstrom,Uebergangsbauwerk,3,2023-07-04
Allgemeinstrom,Unterwerk,248,2023-07-04
Allgemeinstrom,Transformatorenstation,131,2023-07-05
Allgemeinstrom,Uebergangsbauwerk,3,2023-07-05
Allgemeinstrom,Unterwerk,248,2023-07-05
Allgemeinstrom,Transformatorenstation,131,2023-07-06
Allgemeinstrom,Uebergangsbauwerk,3,2023-07-06
Allgemeinstrom,Unterwerk,248,2023-07-06
Allgemeinstrom,Transformatorenstation,131,2023-07-07
Allgemeinstrom,Uebergangsbauwerk,3,2023-07-07
Allgemeinstrom,Unterwerk,248,2023-07-07
Allgemeinstrom,Transformatorenstation,131,2023-07-08
Allgemeinstrom,Uebergangsbauwerk,3,2023-07-08
Allgemeinstrom,Unterwerk,251,2023-07-08
Allgemeinstrom,Transformatorenstation,131,2023-07-09
Allgemeinstrom,Uebergangsbauwerk,3,2023-07-09
Allgemeinstrom,Unterwerk,251,2023-07-09
Allgemeinstrom,Transformatorenstation,131,2023-07-10
Allgemeinstrom,Uebergangsbauwerk,3,2023-07-10
Allgemeinstrom,Unterwerk,251,2023-07-10
Allgemeinstrom,Transformatorenstation,131,2023-07-11
Allgemeinstrom,Uebergangsbauwerk,3,2023-07-11
Allgemeinstrom,Unterwerk,251,2023-07-11
Allgemeinstrom,Transformatorenstation,131,2023-07-12
Allgemeinstrom,Uebergangsbauwerk,3,2023-07-12
Allgemeinstrom,Unterwerk,251,2023-07-12
Allgemeinstrom,Transformatorenstation,131,2023-07-13
Allgemeinstrom,Uebergangsbauwerk,3,2023-07-13
Allgemeinstrom,Unterwerk,251,2023-07-13
Allgemeinstrom,Transformatorenstation,131,2023-07-14
Allgemeinstrom,Uebergangsbauwerk,3,2023-07-14
Allgemeinstrom,Unterwerk,264,2023-07-14
Allgemeinstrom,Transformatorenstation,131,2023-07-15
Allgemeinstrom,Uebergangsbauwerk,3,2023-07-15
Allgemeinstrom,Unterwerk,264,2023-07-15
Allgemeinstrom,Transformatorenstation,131,2023-07-16
Allgemeinstrom,Uebergangsbauwerk,3,2023-07-16
Allgemeinstrom,Unterwerk,264,2023-07-16
Allgemeinstrom,Transformatorenstation,131,2023-07-17
Allgemeinstrom,Uebergangsbauwerk,3,2023-07-17
Allgemeinstrom,Unterwerk,264,2023-07-17
Allgemeinstrom,Transformatorenstation,131,2023-07-18
Allgemeinstrom,Uebergangsbauwerk,3,2023-07-18
Allgemeinstrom,Unterwerk,264,2023-07-18
Allgemeinstrom,Transformatorenstation,131,2023-07-19
Allgemeinstrom,Uebergangsbauwerk,3,2023-07-19
Allgemeinstrom,Unterwerk,264,2023-07-19
Allgemeinstrom,Transformatorenstation,131,2023-07-20
Allgemeinstrom,Uebergangsbauwerk,3,2023-07-20
Allgemeinstrom,Unterwerk,264,2023-07-20
Allgemeinstrom,Transformatorenstation,131,2023-07-21
Allgemeinstrom,Uebergangsbauwerk,3,2023-07-21
Allgemeinstrom,Unterwerk,264,2023-07-21
Allgemeinstrom,Transformatorenstation,131,2023-07-22
Allgemeinstrom,Uebergangsbauwerk,3,2023-07-22
Allgemeinstrom,Unterwerk,264,2023-07-22
Allgemeinstrom,Transformatorenstation,131,2023-07-23
Allgemeinstrom,Uebergangsbauwerk,3,2023-07-23
Allgemeinstrom,Unterwerk,264,2023-07-23
Allgemeinstrom,Transformatorenstation,131,2023-07-24
Allgemeinstrom,Uebergangsbauwerk,3,2023-07-24
Allgemeinstrom,Unterwerk,264,2023-07-24
Allgemeinstrom,Transformatorenstation,131,2023-07-25
Allgemeinstrom,Uebergangsbauwerk,3,2023-07-25
Allgemeinstrom,Unterwerk,264,2023-07-25
Allgemeinstrom,Transformatorenstation,131,2023-07-26
Allgemeinstrom,Uebergangsbauwerk,3,2023-07-26
Allgemeinstrom,Unterwerk,264,2023-07-26
Allgemeinstrom,Transformatorenstation,131,2023-07-27
Allgemeinstrom,Uebergangsbauwerk,3,2023-07-27
Allgemeinstrom,Unterwerk,264,2023-07-27
Allgemeinstrom,Transformatorenstation,131,2023-07-28
Allgemeinstrom,Uebergangsbauwerk,3,2023-07-28
Allgemeinstrom,Unterwerk,264,2023-07-28
Allgemeinstrom,Transformatorenstation,131,2023-07-29
Allgemeinstrom,Uebergangsbauwerk,3,2023-07-29
Allgemeinstrom,Unterwerk,264,2023-07-29
Allgemeinstrom,Transformatorenstation,131,2023-07-30
Allgemeinstrom,Uebergangsbauwerk,3,2023-07-30
Allgemeinstrom,Unterwerk,264,2023-07-30
Allgemeinstrom,Transformatorenstation,131,2023-07-31
Allgemeinstrom,Uebergangsbauwerk,3,2023-07-31
Allgemeinstrom,Unterwerk,264,2023-07-31
Allgemeinstrom,Transformatorenstation,131,2023-08-01
Allgemeinstrom,Uebergangsbauwerk,3,2023-08-01
Allgemeinstrom,Unterwerk,264,2023-08-01
Allgemeinstrom,Transformatorenstation,131,2023-08-02
Allgemeinstrom,Uebergangsbauwerk,3,2023-08-02
Allgemeinstrom,Unterwerk,264,2023-08-02
Allgemeinstrom,Transformatorenstation,131,2023-08-03
Allgemeinstrom,Uebergangsbauwerk,3,2023-08-03
Allgemeinstrom,Unterwerk,264,2023-08-03
Allgemeinstrom,Transformatorenstation,131,2023-08-04
Allgemeinstrom,Uebergangsbauwerk,3,2023-08-04
Allgemeinstrom,Unterwerk,279,2023-08-04
Allgemeinstrom,Kraftwerk,5,2023-08-05
Allgemeinstrom,Transformatorenstation,186,2023-08-05
Allgemeinstrom,Uebergangsbauwerk,3,2023-08-05
Allgemeinstrom,Unterwerk,279,2023-08-05
Allgemeinstrom,Kraftwerk,5,2023-08-06
Allgemeinstrom,Transformatorenstation,186,2023-08-06
Allgemeinstrom,Uebergangsbauwerk,3,2023-08-06
Allgemeinstrom,Unterwerk,279,2023-08-06
Allgemeinstrom,Kraftwerk,5,2023-08-07
Allgemeinstrom,Transformatorenstation,186,2023-08-07
Allgemeinstrom,Uebergangsbauwerk,3,2023-08-07
Allgemeinstrom,Unterwerk,279,2023-08-07
Allgemeinstrom,Kraftwerk,5,2023-08-08
Allgemeinstrom,Transformatorenstation,186,2023-08-08
Allgemeinstrom,Uebergangsbauwerk,3,2023-08-08
Allgemeinstrom,Unterwerk,279,2023-08-08
Allgemeinstrom,Kraftwerk,5,2023-08-09
Allgemeinstrom,Transformatorenstation,186,2023-08-09
Allgemeinstrom,Uebergangsbauwerk,3,2023-08-09
Allgemeinstrom,Unterwerk,279,2023-08-09
Allgemeinstrom,Kraftwerk,5,2023-08-10
Allgemeinstrom,Transformatorenstation,186,2023-08-10
Allgemeinstrom,Uebergangsbauwerk,3,2023-08-10
Allgemeinstrom,Unterwerk,279,2023-08-10
Allgemeinstrom,Kraftwerk,5,2023-08-11
Allgemeinstrom,Transformatorenstation,186,2023-08-11
Allgemeinstrom,Uebergangsbauwerk,3,2023-08-11
Allgemeinstrom,Unterwerk,279,2023-08-11
Allgemeinstrom,Kraftwerk,5,2023-08-12
Allgemeinstrom,Transformatorenstation,186,2023-08-12
Allgemeinstrom,Uebergangsbauwerk,3,2023-08-12
Allgemeinstrom,Unterwerk,279,2023-08-12
Allgemeinstrom,Kraftwerk,5,2023-08-13
Allgemeinstrom,Transformatorenstation,186,2023-08-13
Allgemeinstrom,Uebergangsbauwerk,3,2023-08-13
Allgemeinstrom,Unterwerk,279,2023-08-13
Allgemeinstrom,Kraftwerk,5,2023-08-14
Allgemeinstrom,Transformatorenstation,186,2023-08-14
Allgemeinstrom,Uebergangsbauwerk,3,2023-08-14
Allgemeinstrom,Unterwerk,279,2023-08-14
Allgemeinstrom,Kraftwerk,5,2023-08-15
Allgemeinstrom,Transformatorenstation,186,2023-08-15
Allgemeinstrom,Uebergangsbauwerk,3,2023-08-15
Allgemeinstrom,Unterwerk,279,2023-08-15
Allgemeinstrom,Kraftwerk,5,2023-08-16
Allgemeinstrom,Transformatorenstation,186,2023-08-16
Allgemeinstrom,Uebergangsbauwerk,3,2023-08-16
Allgemeinstrom,Unterwerk,279,2023-08-16
Allgemeinstrom,Kraftwerk,5,2023-08-17
Allgemeinstrom,Transformatorenstation,186,2023-08-17
Allgemeinstrom,Uebergangsbauwerk,3,2023-08-17
Allgemeinstrom,Unterwerk,279,2023-08-17
Allgemeinstrom,Kraftwerk,5,2023-08-18
Allgemeinstrom,Transformatorenstation,186,2023-08-18
Allgemeinstrom,Uebergangsbauwerk,3,2023-08-18
Allgemeinstrom,Unterwerk,279,2023-08-18
Allgemeinstrom,Kraftwerk,5,2023-08-19
Allgemeinstrom,Transformatorenstation,186,2023-08-19
Allgemeinstrom,Uebergangsbauwerk,3,2023-08-19
Allgemeinstrom,Unterwerk,279,2023-08-19
Allgemeinstrom,Kraftwerk,5,2023-08-20
Allgemeinstrom,Transformatorenstation,186,2023-08-20
Allgemeinstrom,Uebergangsbauwerk,3,2023-08-20
Allgemeinstrom,Unterwerk,279,2023-08-20
Allgemeinstrom,Kraftwerk,5,2023-08-21
Allgemeinstrom,Transformatorenstation,186,2023-08-21
Allgemeinstrom,Uebergangsbauwerk,3,2023-08-21
Allgemeinstrom,Unterwerk,279,2023-08-21
Allgemeinstrom,Kraftwerk,5,2023-08-22
Allgemeinstrom,Transformatorenstation,186,2023-08-22
Allgemeinstrom,Uebergangsbauwerk,3,2023-08-22
Allgemeinstrom,Unterwerk,279,2023-08-22
Allgemeinstrom,Kraftwerk,5,2023-08-23
Allgemeinstrom,Transformatorenstation,186,2023-08-23
Allgemeinstrom,Uebergangsbauwerk,3,2023-08-23
Allgemeinstrom,Unterwerk,279,2023-08-23
Allgemeinstrom,Kraftwerk,5,2023-08-24
Allgemeinstrom,Transformatorenstation,186,2023-08-24
Allgemeinstrom,Uebergangsbauwerk,3,2023-08-24
Allgemeinstrom,Unterwerk,279,2023-08-24
Allgemeinstrom,Kraftwerk,5,2023-08-25
Allgemeinstrom,Transformatorenstation,186,2023-08-25
Allgemeinstrom,Uebergangsbauwerk,3,2023-08-25
Allgemeinstrom,Unterwerk,279,2023-08-25
Allgemeinstrom,Kraftwerk,5,2023-08-26
Allgemeinstrom,Transformatorenstation,186,2023-08-26
Allgemeinstrom,Uebergangsbauwerk,3,2023-08-26
Allgemeinstrom,Unterwerk,279,2023-08-26
Allgemeinstrom,Kraftwerk,5,2023-08-27
Allgemeinstrom,Transformatorenstation,186,2023-08-27
Allgemeinstrom,Uebergangsbauwerk,3,2023-08-27
Allgemeinstrom,Unterwerk,279,2023-08-27
Allgemeinstrom,Kraftwerk,5,2023-08-28
Allgemeinstrom,Transformatorenstation,186,2023-08-28
Allgemeinstrom,Uebergangsbauwerk,3,2023-08-28
Allgemeinstrom,Unterwerk,279,2023-08-28
Allgemeinstrom,Kraftwerk,5,2023-08-29
Allgemeinstrom,Transformatorenstation,186,2023-08-29
Allgemeinstrom,Uebergangsbauwerk,3,2023-08-29
Allgemeinstrom,Unterwerk,281,2023-08-29
Allgemeinstrom,Kraftwerk,5,2023-08-30
Allgemeinstrom,Transformatorenstation,186,2023-08-30
Allgemeinstrom,Uebergangsbauwerk,3,2023-08-30
Allgemeinstrom,Unterwerk,281,2023-08-30
Allgemeinstrom,Kraftwerk,5,2023-08-31
Allgemeinstrom,Transformatorenstation,186,2023-08-31
Allgemeinstrom,Uebergangsbauwerk,3,2023-08-31
Allgemeinstrom,Unterwerk,281,2023-08-31
Allgemeinstrom,Kraftwerk,5,2023-09-02
Allgemeinstrom,Transformatorenstation,186,2023-09-02
Allgemeinstrom,Uebergangsbauwerk,3,2023-09-02
Allgemeinstrom,Unterwerk,299,2023-09-02
Allgemeinstrom,Kraftwerk,5,2023-09-03
Allgemeinstrom,Transformatorenstation,186,2023-09-03
Allgemeinstrom,Uebergangsbauwerk,3,2023-09-03
Allgemeinstrom,Unterwerk,299,2023-09-03
Allgemeinstrom,Kraftwerk,5,2023-09-04
Allgemeinstrom,Transformatorenstation,186,2023-09-04
Allgemeinstrom,Uebergangsbauwerk,3,2023-09-04
Allgemeinstrom,Unterwerk,299,2023-09-04
Allgemeinstrom,Kraftwerk,5,2023-09-05
Allgemeinstrom,Transformatorenstation,186,2023-09-05
Allgemeinstrom,Uebergangsbauwerk,3,2023-09-05
Allgemeinstrom,Unterwerk,299,2023-09-05
Allgemeinstrom,Kraftwerk,5,2023-09-06
Allgemeinstrom,Transformatorenstation,186,2023-09-06
Allgemeinstrom,Uebergangsbauwerk,3,2023-09-06
Allgemeinstrom,Unterwerk,299,2023-09-06
Allgemeinstrom,Kraftwerk,5,2023-09-07
Allgemeinstrom,Transformatorenstation,186,2023-09-07
Allgemeinstrom,Uebergangsbauwerk,3,2023-09-07
Allgemeinstrom,Unterwerk,299,2023-09-07
Allgemeinstrom,Kraftwerk,5,2023-09-08
Allgemeinstrom,Transformatorenstation,186,2023-09-08
Allgemeinstrom,Uebergangsbauwerk,3,2023-09-08
Allgemeinstrom,Unterwerk,299,2023-09-08
Allgemeinstrom,Kraftwerk,5,2023-09-09
Allgemeinstrom,Transformatorenstation,186,2023-09-09
Allgemeinstrom,Uebergangsbauwerk,3,2023-09-09
Allgemeinstrom,Unterwerk,307,2023-09-09
Allgemeinstrom,Kraftwerk,5,2023-09-10
Allgemeinstrom,Transformatorenstation,186,2023-09-10
Allgemeinstrom,Uebergangsbauwerk,3,2023-09-10
Allgemeinstrom,Unterwerk,307,2023-09-10
Allgemeinstrom,Kraftwerk,5,2023-09-11
Allgemeinstrom,Transformatorenstation,186,2023-09-11
Allgemeinstrom,Uebergangsbauwerk,3,2023-09-11
Allgemeinstrom,Unterwerk,307,2023-09-11
Allgemeinstrom,Kraftwerk,5,2023-09-12
Allgemeinstrom,Schaltstation,1,2023-09-12
Allgemeinstrom,Transformatorenstation,188,2023-09-12
Allgemeinstrom,Uebergangsbauwerk,3,2023-09-12
Allgemeinstrom,Unterwerk,307,2023-09-12
Allgemeinstrom,Kraftwerk,5,2023-09-13
Allgemeinstrom,Schaltstation,1,2023-09-13
Allgemeinstrom,Transformatorenstation,188,2023-09-13
Allgemeinstrom,Uebergangsbauwerk,3,2023-09-13
Allgemeinstrom,Unterwerk,307,2023-09-13
Allgemeinstrom,Kraftwerk,5,2023-09-14
Allgemeinstrom,Schaltstation,1,2023-09-14
Allgemeinstrom,Transformatorenstation,188,2023-09-14
Allgemeinstrom,Uebergangsbauwerk,3,2023-09-14
Allgemeinstrom,Unterwerk,307,2023-09-14
Allgemeinstrom,Kraftwerk,5,2023-09-15
Allgemeinstrom,Schaltstation,1,2023-09-15
Allgemeinstrom,Transformatorenstation,188,2023-09-15
Allgemeinstrom,Uebergangsbauwerk,3,2023-09-15
Allgemeinstrom,Unterwerk,307,2023-09-15
Allgemeinstrom,Kraftwerk,5,2023-09-16
Allgemeinstrom,Schaltstation,1,2023-09-16
Allgemeinstrom,Transformatorenstation,188,2023-09-16
Allgemeinstrom,Uebergangsbauwerk,6,2023-09-16
Allgemeinstrom,Unterwerk,313,2023-09-16
Allgemeinstrom,Kraftwerk,5,2023-09-17
Allgemeinstrom,Schaltstation,1,2023-09-17
Allgemeinstrom,Transformatorenstation,188,2023-09-17
Allgemeinstrom,Uebergangsbauwerk,6,2023-09-17
Allgemeinstrom,Unterwerk,313,2023-09-17
Allgemeinstrom,Kraftwerk,5,2023-09-18
Allgemeinstrom,Schaltstation,1,2023-09-18
Allgemeinstrom,Transformatorenstation,188,2023-09-18
Allgemeinstrom,Uebergangsbauwerk,6,2023-09-18
Allgemeinstrom,Unterwerk,313,2023-09-18
Allgemeinstrom,Kraftwerk,5,2023-09-19
Allgemeinstrom,Schaltstation,1,2023-09-19
Allgemeinstrom,Transformatorenstation,188,2023-09-19
Allgemeinstrom,Uebergangsbauwerk,6,2023-09-19
Allgemeinstrom,Unterwerk,313,2023-09-19
Allgemeinstrom,Kraftwerk,5,2023-09-20
Allgemeinstrom,Schaltstation,1,2023-09-20
Allgemeinstrom,Transformatorenstation,188,2023-09-20
Allgemeinstrom,Uebergangsbauwerk,6,2023-09-20
Allgemeinstrom,Unterwerk,313,2023-09-20
Allgemeinstrom,Kraftwerk,5,2023-09-21
Allgemeinstrom,Schaltstation,1,2023-09-21
Allgemeinstrom,Transformatorenstation,188,2023-09-21
Allgemeinstrom,Uebergangsbauwerk,6,2023-09-21
Allgemeinstrom,Unterwerk,313,2023-09-21
Allgemeinstrom,Kraftwerk,5,2023-09-22
Allgemeinstrom,Schaltstation,1,2023-09-22
Allgemeinstrom,Transformatorenstation,188,2023-09-22
Allgemeinstrom,Uebergangsbauwerk,6,2023-09-22
Allgemeinstrom,Unterwerk,313,2023-09-22
Allgemeinstrom,Kraftwerk,5,2023-09-23
Allgemeinstrom,Schaltstation,1,2023-09-23
Allgemeinstrom,Transformatorenstation,188,2023-09-23
Allgemeinstrom,Uebergangsbauwerk,6,2023-09-23
Allgemeinstrom,Unterwerk,313,2023-09-23
Allgemeinstrom,Kraftwerk,5,2023-09-24
Allgemeinstrom,Schaltstation,1,2023-09-24
Allgemeinstrom,Transformatorenstation,188,2023-09-24
Allgemeinstrom,Uebergangsbauwerk,6,2023-09-24
Allgemeinstrom,Unterwerk,313,2023-09-24
Allgemeinstrom,Kraftwerk,5,2023-09-25
Allgemeinstrom,Schaltstation,1,2023-09-25
Allgemeinstrom,Transformatorenstation,188,2023-09-25
Allgemeinstrom,Uebergangsbauwerk,6,2023-09-25
Allgemeinstrom,Unterwerk,313,2023-09-25
Allgemeinstrom,Kraftwerk,5,2023-09-26
Allgemeinstrom,Schaltstation,1,2023-09-26
Allgemeinstrom,Transformatorenstation,188,2023-09-26
Allgemeinstrom,Uebergangsbauwerk,6,2023-09-26
Allgemeinstrom,Unterwerk,313,2023-09-26
Allgemeinstrom,Kraftwerk,5,2023-09-27
Allgemeinstrom,Schaltstation,1,2023-09-27
Allgemeinstrom,Transformatorenstation,188,2023-09-27
Allgemeinstrom,Uebergangsbauwerk,6,2023-09-27
Allgemeinstrom,Unterwerk,313,2023-09-27
Allgemeinstrom,Kraftwerk,5,2023-09-28
Allgemeinstrom,Schaltstation,1,2023-09-28
Allgemeinstrom,Transformatorenstation,188,2023-09-28
Allgemeinstrom,Uebergangsbauwerk,6,2023-09-28
Allgemeinstrom,Unterwerk,313,2023-09-28
Allgemeinstrom,Kraftwerk,5,2023-09-29
Allgemeinstrom,Schaltstation,1,2023-09-29
Allgemeinstrom,Transformatorenstation,188,2023-09-29
Allgemeinstrom,Uebergangsbauwerk,6,2023-09-29
Allgemeinstrom,Unterwerk,313,2023-09-29
Allgemeinstrom,Kraftwerk,5,2023-09-30
Allgemeinstrom,Schaltstation,1,2023-09-30
Allgemeinstrom,Transformatorenstation,188,2023-09-30
Allgemeinstrom,Uebergangsbauwerk,6,2023-09-30
Allgemeinstrom,Unterwerk,313,2023-09-30
Allgemeinstrom,Kraftwerk,5,2023-10-01
Allgemeinstrom,Schaltstation,1,2023-10-01
Allgemeinstrom,Transformatorenstation,188,2023-10-01
Allgemeinstrom,Uebergangsbauwerk,6,2023-10-01
Allgemeinstrom,Unterwerk,313,2023-10-01
Allgemeinstrom,Kraftwerk,5,2023-10-02
Allgemeinstrom,Schaltstation,1,2023-10-02
Allgemeinstrom,Transformatorenstation,188,2023-10-02
Allgemeinstrom,Uebergangsbauwerk,6,2023-10-02
Allgemeinstrom,Unterwerk,313,2023-10-02
Allgemeinstrom,Kraftwerk,5,2023-10-03
Allgemeinstrom,Schaltstation,1,2023-10-03
Allgemeinstrom,Transformatorenstation,188,2023-10-03
Allgemeinstrom,Uebergangsbauwerk,6,2023-10-03
Allgemeinstrom,Unterwerk,313,2023-10-03
Allgemeinstrom,Kraftwerk,5,2023-10-04
Allgemeinstrom,Schaltstation,1,2023-10-04
Allgemeinstrom,Transformatorenstation,188,2023-10-04
Allgemeinstrom,Uebergangsbauwerk,6,2023-10-04
Allgemeinstrom,Unterwerk,313,2023-10-04
Allgemeinstrom,Kraftwerk,5,2023-10-05
Allgemeinstrom,Schaltstation,1,2023-10-05
Allgemeinstrom,Transformatorenstation,188,2023-10-05
Allgemeinstrom,Uebergangsbauwerk,6,2023-10-05
Allgemeinstrom,Unterwerk,313,2023-10-05
Allgemeinstrom,Kraftwerk,5,2023-10-06
Allgemeinstrom,Schaltstation,1,2023-10-06
Allgemeinstrom,Transformatorenstation,188,2023-10-06
Allgemeinstrom,Uebergangsbauwerk,6,2023-10-06
Allgemeinstrom,Unterwerk,313,2023-10-06
Allgemeinstrom,Kraftwerk,5,2023-10-07
Allgemeinstrom,Schaltstation,1,2023-10-07
Allgemeinstrom,Transformatorenstation,188,2023-10-07
Allgemeinstrom,Uebergangsbauwerk,6,2023-10-07
Allgemeinstrom,Unterwerk,313,2023-10-07
Allgemeinstrom,Kraftwerk,5,2023-10-08
Allgemeinstrom,Schaltstation,1,2023-10-08
Allgemeinstrom,Transformatorenstation,188,2023-10-08
Allgemeinstrom,Uebergangsbauwerk,6,2023-10-08
Allgemeinstrom,Unterwerk,313,2023-10-08
Allgemeinstrom,Kraftwerk,5,2023-10-09
Allgemeinstrom,Schaltstation,1,2023-10-09
Allgemeinstrom,Transformatorenstation,188,2023-10-09
Allgemeinstrom,Uebergangsbauwerk,6,2023-10-09
Allgemeinstrom,Unterwerk,313,2023-10-09
Allgemeinstrom,Kraftwerk,5,2023-10-10
Allgemeinstrom,Schaltstation,1,2023-10-10
Allgemeinstrom,Transformatorenstation,188,2023-10-10
Allgemeinstrom,Uebergangsbauwerk,6,2023-10-10
Allgemeinstrom,Unterwerk,313,2023-10-10
Allgemeinstrom,Kraftwerk,5,2023-10-11
Allgemeinstrom,Schaltstation,1,2023-10-11
Allgemeinstrom,Transformatorenstation,188,2023-10-11
Allgemeinstrom,Uebergangsbauwerk,6,2023-10-11
Allgemeinstrom,Unterwerk,313,2023-10-11
Allgemeinstrom,Kraftwerk,5,2023-10-12
Allgemeinstrom,Schaltstation,1,2023-10-12
Allgemeinstrom,Transformatorenstation,188,2023-10-12
Allgemeinstrom,Uebergangsbauwerk,6,2023-10-12
Allgemeinstrom,Unterwerk,313,2023-10-12
Allgemeinstrom,Kraftwerk,5,2023-10-13
Allgemeinstrom,Schaltstation,1,2023-10-13
Allgemeinstrom,Transformatorenstation,188,2023-10-13
Allgemeinstrom,Uebergangsbauwerk,6,2023-10-13
Allgemeinstrom,Unterwerk,313,2023-10-13
Allgemeinstrom,Kraftwerk,5,2023-10-14
Allgemeinstrom,Schaltstation,1,2023-10-14
Allgemeinstrom,Transformatorenstation,188,2023-10-14
Allgemeinstrom,Uebergangsbauwerk,6,2023-10-14
Allgemeinstrom,Unterwerk,313,2023-10-14
Allgemeinstrom,Kraftwerk,5,2023-10-15
Allgemeinstrom,Schaltstation,1,2023-10-15
Allgemeinstrom,Transformatorenstation,188,2023-10-15
Allgemeinstrom,Uebergangsbauwerk,6,2023-10-15
Allgemeinstrom,Unterwerk,313,2023-10-15
Allgemeinstrom,Kraftwerk,5,2023-10-16
Allgemeinstrom,Schaltstation,1,2023-10-16
Allgemeinstrom,Transformatorenstation,188,2023-10-16
Allgemeinstrom,Uebergangsbauwerk,6,2023-10-16
Allgemeinstrom,Unterwerk,313,2023-10-16
Allgemeinstrom,Kraftwerk,5,2023-10-17
Allgemeinstrom,Schaltstation,1,2023-10-17
Allgemeinstrom,Transformatorenstation,188,2023-10-17
Allgemeinstrom,Uebergangsbauwerk,6,2023-10-17
Allgemeinstrom,Unterwerk,313,2023-10-17
Allgemeinstrom,Kraftwerk,5,2023-10-18
Allgemeinstrom,Schaltstation,1,2023-10-18
Allgemeinstrom,Transformatorenstation,188,2023-10-18
Allgemeinstrom,Uebergangsbauwerk,6,2023-10-18
Allgemeinstrom,Unterwerk,313,2023-10-18
Allgemeinstrom,Kraftwerk,5,2023-10-19
Allgemeinstrom,Schaltstation,1,2023-10-19
Allgemeinstrom,Transformatorenstation,188,2023-10-19
Allgemeinstrom,Uebergangsbauwerk,6,2023-10-19
Allgemeinstrom,Unterwerk,313,2023-10-19
Allgemeinstrom,Kraftwerk,5,2023-10-20
Allgemeinstrom,Schaltstation,1,2023-10-20
Allgemeinstrom,Transformatorenstation,188,2023-10-20
Allgemeinstrom,Uebergangsbauwerk,6,2023-10-20
Allgemeinstrom,Unterwerk,313,2023-10-20
Allgemeinstrom,Kraftwerk,5,2023-10-21
Allgemeinstrom,Schaltstation,1,2023-10-21
Allgemeinstrom,Transformatorenstation,188,2023-10-21
Allgemeinstrom,Uebergangsbauwerk,6,2023-10-21
Allgemeinstrom,Unterwerk,313,2023-10-21
Allgemeinstrom,Kraftwerk,5,2023-10-22
Allgemeinstrom,Schaltstation,1,2023-10-22
Allgemeinstrom,Transformatorenstation,188,2023-10-22
Allgemeinstrom,Uebergangsbauwerk,6,2023-10-22
Allgemeinstrom,Unterwerk,313,2023-10-22
Allgemeinstrom,Kraftwerk,5,2023-10-23
Allgemeinstrom,Schaltstation,1,2023-10-23
Allgemeinstrom,Transformatorenstation,188,2023-10-23
Allgemeinstrom,Uebergangsbauwerk,6,2023-10-23
Allgemeinstrom,Unterwerk,313,2023-10-23
Allgemeinstrom,Kraftwerk,5,2023-10-24
Allgemeinstrom,Schaltstation,1,2023-10-24
Allgemeinstrom,Transformatorenstation,188,2023-10-24
Allgemeinstrom,Uebergangsbauwerk,6,2023-10-24
Allgemeinstrom,Unterwerk,313,2023-10-24
Allgemeinstrom,Kraftwerk,5,2023-10-25
Allgemeinstrom,Schaltstation,1,2023-10-25
Allgemeinstrom,Transformatorenstation,188,2023-10-25
Allgemeinstrom,Uebergangsbauwerk,6,2023-10-25
Allgemeinstrom,Unterwerk,313,2023-10-25
Allgemeinstrom,Kraftwerk,5,2023-10-26
Allgemeinstrom,Schaltstation,1,2023-10-26
Allgemeinstrom,Transformatorenstation,188,2023-10-26
Allgemeinstrom,Uebergangsbauwerk,6,2023-10-26
Allgemeinstrom,Unterwerk,313,2023-10-26
Allgemeinstrom,Kraftwerk,5,2023-10-31
Allgemeinstrom,Schaltstation,1,2023-10-31
Allgemeinstrom,Transformatorenstation,188,2023-10-31
Allgemeinstrom,Uebergangsbauwerk,6,2023-10-31
Allgemeinstrom,Unterwerk,313,2023-10-31
Allgemeinstrom,Kraftwerk,5,2023-11-01
Allgemeinstrom,Schaltstation,1,2023-11-01
Allgemeinstrom,Transformatorenstation,188,2023-11-01
Allgemeinstrom,Uebergangsbauwerk,6,2023-11-01
Allgemeinstrom,Unterwerk,313,2023-11-01
Allgemeinstrom,Kraftwerk,5,2023-11-02
Allgemeinstrom,Schaltstation,1,2023-11-02
Allgemeinstrom,Transformatorenstation,188,2023-11-02
Allgemeinstrom,Uebergangsbauwerk,6,2023-11-02
Allgemeinstrom,Unterwerk,313,2023-11-02
Allgemeinstrom,Kraftwerk,5,2023-11-03
Allgemeinstrom,Schaltstation,1,2023-11-03
Allgemeinstrom,Transformatorenstation,188,2023-11-03
Allgemeinstrom,Uebergangsbauwerk,6,2023-11-03
Allgemeinstrom,Unterwerk,313,2023-11-03
Allgemeinstrom,Kraftwerk,5,2023-11-04
Allgemeinstrom,Schaltstation,1,2023-11-04
Allgemeinstrom,Transformatorenstation,188,2023-11-04
Allgemeinstrom,Uebergangsbauwerk,6,2023-11-04
Allgemeinstrom,Unterwerk,313,2023-11-04
Allgemeinstrom,Kraftwerk,5,2023-11-05
Allgemeinstrom,Schaltstation,1,2023-11-05
Allgemeinstrom,Transformatorenstation,188,2023-11-05
Allgemeinstrom,Uebergangsbauwerk,6,2023-11-05
Allgemeinstrom,Unterwerk,313,2023-11-05
Allgemeinstrom,Kraftwerk,5,2023-11-06
Allgemeinstrom,Schaltstation,1,2023-11-06
Allgemeinstrom,Transformatorenstation,188,2023-11-06
Allgemeinstrom,Uebergangsbauwerk,6,2023-11-06
Allgemeinstrom,Unterwerk,313,2023-11-06
Allgemeinstrom,Kraftwerk,5,2023-11-07
Allgemeinstrom,Schaltstation,1,2023-11-07
Allgemeinstrom,Transformatorenstation,188,2023-11-07
Allgemeinstrom,Uebergangsbauwerk,6,2023-11-07
Allgemeinstrom,Unterwerk,343,2023-11-07
Allgemeinstrom,Kraftwerk,5,2023-11-08
Allgemeinstrom,Schaltstation,1,2023-11-08
Allgemeinstrom,Transformatorenstation,188,2023-11-08
Allgemeinstrom,Uebergangsbauwerk,6,2023-11-08
Allgemeinstrom,Unterwerk,343,2023-11-08
Allgemeinstrom,Kraftwerk,5,2023-11-09
Allgemeinstrom,Schaltstation,1,2023-11-09
Allgemeinstrom,Transformatorenstation,188,2023-11-09
Allgemeinstrom,Uebergangsbauwerk,6,2023-11-09
Allgemeinstrom,Unterwerk,343,2023-11-09
Allgemeinstrom,Kraftwerk,5,2023-11-10
Allgemeinstrom,Schaltstation,1,2023-11-10
Allgemeinstrom,Transformatorenstation,188,2023-11-10
Allgemeinstrom,Uebergangsbauwerk,6,2023-11-10
Allgemeinstrom,Unterwerk,343,2023-11-10
Allgemeinstrom,Kraftwerk,5,2023-11-11
Allgemeinstrom,Schaltstation,1,2023-11-11
Allgemeinstrom,Transformatorenstation,188,2023-11-11
Allgemeinstrom,Uebergangsbauwerk,6,2023-11-11
Allgemeinstrom,Unterwerk,343,2023-11-11
Allgemeinstrom,Kraftwerk,5,2023-11-12
Allgemeinstrom,Schaltstation,1,2023-11-12
Allgemeinstrom,Transformatorenstation,188,2023-11-12
Allgemeinstrom,Uebergangsbauwerk,6,2023-11-12
Allgemeinstrom,Unterwerk,343,2023-11-12
Allgemeinstrom,Kraftwerk,5,2023-11-13
Allgemeinstrom,Schaltstation,1,2023-11-13
Allgemeinstrom,Transformatorenstation,188,2023-11-13
Allgemeinstrom,Uebergangsbauwerk,6,2023-11-13
Allgemeinstrom,Unterwerk,343,2023-11-13
Allgemeinstrom,Kraftwerk,5,2023-11-14
Allgemeinstrom,Schaltstation,1,2023-11-14
Allgemeinstrom,Transformatorenstation,188,2023-11-14
Allgemeinstrom,Uebergangsbauwerk,6,2023-11-14
Allgemeinstrom,Unterwerk,343,2023-11-14
Allgemeinstrom,Kraftwerk,5,2023-11-15
Allgemeinstrom,Schaltstation,1,2023-11-15
Allgemeinstrom,Transformatorenstation,188,2023-11-15
Allgemeinstrom,Uebergangsbauwerk,6,2023-11-15
Allgemeinstrom,Unterwerk,343,2023-11-15
Allgemeinstrom,Kraftwerk,5,2023-11-16
Allgemeinstrom,Schaltstation,1,2023-11-16
Allgemeinstrom,Transformatorenstation,188,2023-11-16
Allgemeinstrom,Uebergangsbauwerk,6,2023-11-16
Allgemeinstrom,Unterwerk,343,2023-11-16
Allgemeinstrom,Kraftwerk,5,2023-11-17
Allgemeinstrom,Schaltstation,1,2023-11-17
Allgemeinstrom,Transformatorenstation,188,2023-11-17
Allgemeinstrom,Uebergangsbauwerk,6,2023-11-17
Allgemeinstrom,Unterwerk,343,2023-11-17
Allgemeinstrom,Kraftwerk,5,2023-11-18
Allgemeinstrom,Schaltstation,1,2023-11-18
Allgemeinstrom,Transformatorenstation,188,2023-11-18
Allgemeinstrom,Uebergangsbauwerk,6,2023-11-18
Allgemeinstrom,Unterwerk,343,2023-11-18
Allgemeinstrom,Kraftwerk,5,2023-11-19
Allgemeinstrom,Schaltstation,1,2023-11-19
Allgemeinstrom,Transformatorenstation,188,2023-11-19
Allgemeinstrom,Uebergangsbauwerk,6,2023-11-19
Allgemeinstrom,Unterwerk,343,2023-11-19
Allgemeinstrom,Kraftwerk,5,2023-11-20
Allgemeinstrom,Schaltstation,1,2023-11-20
Allgemeinstrom,Transformatorenstation,188,2023-11-20
Allgemeinstrom,Uebergangsbauwerk,6,2023-11-20
Allgemeinstrom,Unterwerk,343,2023-11-20
Allgemeinstrom,Kraftwerk,5,2023-11-21
Allgemeinstrom,Schaltstation,1,2023-11-21
Allgemeinstrom,Transformatorenstation,188,2023-11-21
Allgemeinstrom,Uebergangsbauwerk,6,2023-11-21
Allgemeinstrom,Unterwerk,343,2023-11-21
Allgemeinstrom,Kraftwerk,5,2023-11-22
Allgemeinstrom,Schaltstation,1,2023-11-22
Allgemeinstrom,Transformatorenstation,188,2023-11-22
Allgemeinstrom,Uebergangsbauwerk,6,2023-11-22
Allgemeinstrom,Unterwerk,343,2023-11-22
Allgemeinstrom,Kraftwerk,5,2023-11-23
Allgemeinstrom,Schaltstation,1,2023-11-23
Allgemeinstrom,Transformatorenstation,188,2023-11-23
Allgemeinstrom,Uebergangsbauwerk,6,2023-11-23
Allgemeinstrom,Unterwerk,343,2023-11-23
Allgemeinstrom,Kraftwerk,5,2023-11-24
Allgemeinstrom,Schaltstation,1,2023-11-24
Allgemeinstrom,Transformatorenstation,188,2023-11-24
Allgemeinstrom,Uebergangsbauwerk,6,2023-11-24
Allgemeinstrom,Unterwerk,343,2023-11-24
Allgemeinstrom,Kraftwerk,5,2023-11-25
Allgemeinstrom,Schaltstation,1,2023-11-25
Allgemeinstrom,Transformatorenstation,188,2023-11-25
Allgemeinstrom,Uebergangsbauwerk,6,2023-11-25
Allgemeinstrom,Unterwerk,343,2023-11-25
Allgemeinstrom,Kraftwerk,5,2023-11-26
Allgemeinstrom,Schaltstation,1,2023-11-26
Allgemeinstrom,Transformatorenstation,188,2023-11-26
Allgemeinstrom,Uebergangsbauwerk,6,2023-11-26
Allgemeinstrom,Unterwerk,343,2023-11-26
Allgemeinstrom,Kraftwerk,5,2023-11-27
Allgemeinstrom,Schaltstation,1,2023-11-27
Allgemeinstrom,Transformatorenstation,188,2023-11-27
Allgemeinstrom,Uebergangsbauwerk,6,2023-11-27
Allgemeinstrom,Unterwerk,343,2023-11-27
Allgemeinstrom,Kraftwerk,5,2023-11-28
Allgemeinstrom,Schaltstation,1,2023-11-28
Allgemeinstrom,Transformatorenstation,188,2023-11-28
Allgemeinstrom,Uebergangsbauwerk,6,2023-11-28
Allgemeinstrom,Unterwerk,346,2023-11-28
Allgemeinstrom,Kraftwerk,5,2023-11-29
Allgemeinstrom,Schaltstation,1,2023-11-29
Allgemeinstrom,Transformatorenstation,188,2023-11-29
Allgemeinstrom,Uebergangsbauwerk,6,2023-11-29
Allgemeinstrom,Unterwerk,346,2023-11-29
Allgemeinstrom,Kraftwerk,5,2023-11-30
Allgemeinstrom,Schaltstation,1,2023-11-30
Allgemeinstrom,Transformatorenstation,188,2023-11-30
Allgemeinstrom,Uebergangsbauwerk,6,2023-11-30
Allgemeinstrom,Unterwerk,346,2023-11-30
Allgemeinstrom,Kraftwerk,5,2023-12-01
Allgemeinstrom,Schaltstation,1,2023-12-01
Allgemeinstrom,Transformatorenstation,188,2023-12-01
Allgemeinstrom,Uebergangsbauwerk,6,2023-12-01
Allgemeinstrom,Unterwerk,346,2023-12-01
Allgemeinstrom,Kraftwerk,5,2023-12-02
Allgemeinstrom,Schaltstation,1,2023-12-02
Allgemeinstrom,Transformatorenstation,188,2023-12-02
Allgemeinstrom,Uebergangsbauwerk,6,2023-12-02
Allgemeinstrom,Unterwerk,346,2023-12-02
Allgemeinstrom,Kraftwerk,5,2023-12-03
Allgemeinstrom,Schaltstation,1,2023-12-03
Allgemeinstrom,Transformatorenstation,188,2023-12-03
Allgemeinstrom,Uebergangsbauwerk,6,2023-12-03
Allgemeinstrom,Unterwerk,346,2023-12-03
Allgemeinstrom,Kraftwerk,5,2023-12-04
Allgemeinstrom,Schaltstation,1,2023-12-04
Allgemeinstrom,Transformatorenstation,188,2023-12-04
Allgemeinstrom,Uebergangsbauwerk,6,2023-12-04
Allgemeinstrom,Unterwerk,346,2023-12-04
Allgemeinstrom,Kraftwerk,5,2023-12-05
Allgemeinstrom,Schaltstation,1,2023-12-05
Allgemeinstrom,Transformatorenstation,188,2023-12-05
Allgemeinstrom,Uebergangsbauwerk,6,2023-12-05
Allgemeinstrom,Unterwerk,346,2023-12-05
Allgemeinstrom,Kraftwerk,5,2023-12-06
Allgemeinstrom,Schaltstation,1,2023-12-06
Allgemeinstrom,Transformatorenstation,188,2023-12-06
Allgemeinstrom,Uebergangsbauwerk,6,2023-12-06
Allgemeinstrom,Unterwerk,346,2023-12-06
Allgemeinstrom,Kraftwerk,5,2023-12-07
Allgemeinstrom,Schaltstation,1,2023-12-07
Allgemeinstrom,Transformatorenstation,188,2023-12-07
Allgemeinstrom,Uebergangsbauwerk,6,2023-12-07
Allgemeinstrom,Unterwerk,346,2023-12-07
Allgemeinstrom,Kraftwerk,5,2023-12-08
Allgemeinstrom,Schaltstation,1,2023-12-08
Allgemeinstrom,Transformatorenstation,188,2023-12-08
Allgemeinstrom,Uebergangsbauwerk,6,2023-12-08
Allgemeinstrom,Unterwerk,346,2023-12-08
Allgemeinstrom,Kraftwerk,5,2023-12-09
Allgemeinstrom,Schaltstation,1,2023-12-09
Allgemeinstrom,Transformatorenstation,188,2023-12-09
Allgemeinstrom,Uebergangsbauwerk,6,2023-12-09
Allgemeinstrom,Unterwerk,346,2023-12-09
Allgemeinstrom,Kraftwerk,5,2023-12-10
Allgemeinstrom,Schaltstation,1,2023-12-10
Allgemeinstrom,Transformatorenstation,188,2023-12-10
Allgemeinstrom,Uebergangsbauwerk,6,2023-12-10
Allgemeinstrom,Unterwerk,346,2023-12-10
Allgemeinstrom,Kraftwerk,5,2023-12-11
Allgemeinstrom,Schaltstation,1,2023-12-11
Allgemeinstrom,Transformatorenstation,188,2023-12-11
Allgemeinstrom,Uebergangsbauwerk,6,2023-12-11
Allgemeinstrom,Unterwerk,346,2023-12-11
Allgemeinstrom,Kraftwerk,5,2023-12-12
Allgemeinstrom,Schaltstation,1,2023-12-12
Allgemeinstrom,Transformatorenstation,188,2023-12-12
Allgemeinstrom,Uebergangsbauwerk,6,2023-12-12
Allgemeinstrom,Unterwerk,346,2023-12-12
Allgemeinstrom,Kraftwerk,5,2023-12-13
Allgemeinstrom,Schaltstation,1,2023-12-13
Allgemeinstrom,Transformatorenstation,188,2023-12-13
Allgemeinstrom,Uebergangsbauwerk,6,2023-12-13
Allgemeinstrom,Unterwerk,346,2023-12-13
Allgemeinstrom,Kraftwerk,5,2023-12-14
Allgemeinstrom,Schaltstation,1,2023-12-14
Allgemeinstrom,Transformatorenstation,188,2023-12-14
Allgemeinstrom,Uebergangsbauwerk,6,2023-12-14
Allgemeinstrom,Unterwerk,346,2023-12-14
Allgemeinstrom,Kraftwerk,5,2023-12-15
Allgemeinstrom,Schaltstation,1,2023-12-15
Allgemeinstrom,Transformatorenstation,188,2023-12-15
Allgemeinstrom,Uebergangsbauwerk,6,2023-12-15
Allgemeinstrom,Unterwerk,346,2023-12-15
Allgemeinstrom,Kraftwerk,5,2023-12-16
Allgemeinstrom,Schaltstation,1,2023-12-16
Allgemeinstrom,Transformatorenstation,188,2023-12-16
Allgemeinstrom,Uebergangsbauwerk,6,2023-12-16
Allgemeinstrom,Unterwerk,346,2023-12-16
Allgemeinstrom,Kraftwerk,5,2023-12-17
Allgemeinstrom,Schaltstation,1,2023-12-17
Allgemeinstrom,Transformatorenstation,188,2023-12-17
Allgemeinstrom,Uebergangsbauwerk,6,2023-12-17
Allgemeinstrom,Unterwerk,346,2023-12-17
Allgemeinstrom,Kraftwerk,5,2023-12-18
Allgemeinstrom,Schaltstation,1,2023-12-18
Allgemeinstrom,Transformatorenstation,188,2023-12-18
Allgemeinstrom,Uebergangsbauwerk,6,2023-12-18
Allgemeinstrom,Unterwerk,346,2023-12-18
Allgemeinstrom,Kraftwerk,5,2023-12-19
Allgemeinstrom,Schaltstation,1,2023-12-19
Allgemeinstrom,Transformatorenstation,188,2023-12-19
Allgemeinstrom,Uebergangsbauwerk,6,2023-12-19
Allgemeinstrom,Unterwerk,346,2023-12-19
Allgemeinstrom,Kraftwerk,5,2023-12-20
Allgemeinstrom,Schaltstation,1,2023-12-20
Allgemeinstrom,Transformatorenstation,188,2023-12-20
Allgemeinstrom,Uebergangsbauwerk,6,2023-12-20
Allgemeinstrom,Unterwerk,346,2023-12-20
Allgemeinstrom,Kraftwerk,5,2023-12-21
Allgemeinstrom,Schaltstation,1,2023-12-21
Allgemeinstrom,Transformatorenstation,188,2023-12-21
Allgemeinstrom,Uebergangsbauwerk,6,2023-12-21
Allgemeinstrom,Unterwerk,346,2023-12-21
Allgemeinstrom,Kraftwerk,5,2023-12-22
Allgemeinstrom,Schaltstation,1,2023-12-22
Allgemeinstrom,Transformatorenstation,188,2023-12-22
Allgemeinstrom,Uebergangsbauwerk,6,2023-12-22
Allgemeinstrom,Unterwerk,346,2023-12-22
Allgemeinstrom,Kraftwerk,5,2023-12-23
Allgemeinstrom,Schaltstation,1,2023-12-23
Allgemeinstrom,Transformatorenstation,188,2023-12-23
Allgemeinstrom,Uebergangsbauwerk,6,2023-12-23
Allgemeinstrom,Unterwerk,346,2023-12-23
Allgemeinstrom,Kraftwerk,5,2023-12-24
Allgemeinstrom,Schaltstation,1,2023-12-24
Allgemeinstrom,Transformatorenstation,188,2023-12-24
Allgemeinstrom,Uebergangsbauwerk,6,2023-12-24
Allgemeinstrom,Unterwerk,346,2023-12-24
Allgemeinstrom,Kraftwerk,5,2023-12-25
Allgemeinstrom,Schaltstation,1,2023-12-25
Allgemeinstrom,Transformatorenstation,188,2023-12-25
Allgemeinstrom,Uebergangsbauwerk,6,2023-12-25
Allgemeinstrom,Unterwerk,346,2023-12-25
Allgemeinstrom,Kraftwerk,5,2023-12-26
Allgemeinstrom,Schaltstation,1,2023-12-26
Allgemeinstrom,Transformatorenstation,188,2023-12-26
Allgemeinstrom,Uebergangsbauwerk,6,2023-12-26
Allgemeinstrom,Unterwerk,346,2023-12-26
Allgemeinstrom,Kraftwerk,5,2023-12-27
Allgemeinstrom,Schaltstation,1,2023-12-27
Allgemeinstrom,Transformatorenstation,188,2023-12-27
Allgemeinstrom,Uebergangsbauwerk,6,2023-12-27
Allgemeinstrom,Unterwerk,346,2023-12-27
Allgemeinstrom,Kraftwerk,5,2023-12-28
Allgemeinstrom,Schaltstation,1,2023-12-28
Allgemeinstrom,Transformatorenstation,188,2023-12-28
Allgemeinstrom,Uebergangsbauwerk,6,2023-12-28
Allgemeinstrom,Unterwerk,346,2023-12-28
Allgemeinstrom,Kraftwerk,5,2023-12-29
Allgemeinstrom,Schaltstation,1,2023-12-29
Allgemeinstrom,Transformatorenstation,188,2023-12-29
Allgemeinstrom,Uebergangsbauwerk,6,2023-12-29
Allgemeinstrom,Unterwerk,346,2023-12-29
Allgemeinstrom,Kraftwerk,5,2023-12-30
Allgemeinstrom,Schaltstation,1,2023-12-30
Allgemeinstrom,Transformatorenstation,188,2023-12-30
Allgemeinstrom,Uebergangsbauwerk,6,2023-12-30
Allgemeinstrom,Unterwerk,346,2023-12-30
Allgemeinstrom,Kraftwerk,5,2023-12-31
Allgemeinstrom,Schaltstation,1,2023-12-31
Allgemeinstrom,Transformatorenstation,188,2023-12-31
Allgemeinstrom,Uebergangsbauwerk,6,2023-12-31
Allgemeinstrom,Unterwerk,346,2023-12-31
Allgemeinstrom,Kraftwerk,5,2024-01-01
Allgemeinstrom,Schaltstation,1,2024-01-01
Allgemeinstrom,Transformatorenstation,188,2024-01-01
Allgemeinstrom,Uebergangsbauwerk,6,2024-01-01
Allgemeinstrom,Unterwerk,346,2024-01-01
Allgemeinstrom,Kraftwerk,5,2024-01-02
Allgemeinstrom,Schaltstation,1,2024-01-02
Allgemeinstrom,Transformatorenstation,188,2024-01-02
Allgemeinstrom,Uebergangsbauwerk,6,2024-01-02
Allgemeinstrom,Unterwerk,346,2024-01-02
Allgemeinstrom,Kraftwerk,5,2024-01-03
Allgemeinstrom,Schaltstation,1,2024-01-03
Allgemeinstrom,Transformatorenstation,188,2024-01-03
Allgemeinstrom,Uebergangsbauwerk,6,2024-01-03
Allgemeinstrom,Unterwerk,346,2024-01-03
Allgemeinstrom,Kraftwerk,5,2024-01-04
Allgemeinstrom,Schaltstation,1,2024-01-04
Allgemeinstrom,Transformatorenstation,188,2024-01-04
Allgemeinstrom,Uebergangsbauwerk,6,2024-01-04
Allgemeinstrom,Unterwerk,346,2024-01-04
Allgemeinstrom,Kraftwerk,5,2024-01-05
Allgemeinstrom,Schaltstation,1,2024-01-05
Allgemeinstrom,Transformatorenstation,188,2024-01-05
Allgemeinstrom,Uebergangsbauwerk,6,2024-01-05
Allgemeinstrom,Unterwerk,346,2024-01-05
Allgemeinstrom,Kraftwerk,5,2024-01-06
Allgemeinstrom,Schaltstation,1,2024-01-06
Allgemeinstrom,Transformatorenstation,188,2024-01-06
Allgemeinstrom,Uebergangsbauwerk,6,2024-01-06
Allgemeinstrom,Unterwerk,346,2024-01-06
Allgemeinstrom,Kraftwerk,5,2024-01-07
Allgemeinstrom,Schaltstation,1,2024-01-07
Allgemeinstrom,Transformatorenstation,188,2024-01-07
Allgemeinstrom,Uebergangsbauwerk,6,2024-01-07
Allgemeinstrom,Unterwerk,346,2024-01-07
Allgemeinstrom,Kraftwerk,5,2024-01-08
Allgemeinstrom,Schaltstation,1,2024-01-08
Allgemeinstrom,Transformatorenstation,188,2024-01-08
Allgemeinstrom,Uebergangsbauwerk,6,2024-01-08
Allgemeinstrom,Unterwerk,346,2024-01-08
Allgemeinstrom,Kraftwerk,5,2024-01-09
Allgemeinstrom,Schaltstation,1,2024-01-09
Allgemeinstrom,Transformatorenstation,188,2024-01-09
Allgemeinstrom,Uebergangsbauwerk,6,2024-01-09
Allgemeinstrom,Unterwerk,346,2024-01-09
Allgemeinstrom,Kraftwerk,5,2024-01-10
Allgemeinstrom,Schaltstation,1,2024-01-10
Allgemeinstrom,Transformatorenstation,188,2024-01-10
Allgemeinstrom,Uebergangsbauwerk,6,2024-01-10
Allgemeinstrom,Unterwerk,346,2024-01-10
Allgemeinstrom,Kraftwerk,5,2024-01-11
Allgemeinstrom,Schaltstation,1,2024-01-11
Allgemeinstrom,Transformatorenstation,188,2024-01-11
Allgemeinstrom,Uebergangsbauwerk,6,2024-01-11
Allgemeinstrom,Unterwerk,346,2024-01-11
Allgemeinstrom,Kraftwerk,5,2024-01-12
Allgemeinstrom,Schaltstation,1,2024-01-12
Allgemeinstrom,Transformatorenstation,188,2024-01-12
Allgemeinstrom,Uebergangsbauwerk,6,2024-01-12
Allgemeinstrom,Unterwerk,346,2024-01-12
Allgemeinstrom,Kraftwerk,5,2024-01-13
Allgemeinstrom,Schaltstation,1,2024-01-13
Allgemeinstrom,Transformatorenstation,188,2024-01-13
Allgemeinstrom,Uebergangsbauwerk,6,2024-01-13
Allgemeinstrom,Unterwerk,346,2024-01-13
Allgemeinstrom,Kraftwerk,5,2024-01-14
Allgemeinstrom,Schaltstation,1,2024-01-14
Allgemeinstrom,Transformatorenstation,188,2024-01-14
Allgemeinstrom,Uebergangsbauwerk,6,2024-01-14
Allgemeinstrom,Unterwerk,346,2024-01-14
Allgemeinstrom,Kraftwerk,5,2024-01-15
Allgemeinstrom,Schaltstation,1,2024-01-15
Allgemeinstrom,Transformatorenstation,188,2024-01-15
Allgemeinstrom,Uebergangsbauwerk,6,2024-01-15
Allgemeinstrom,Unterwerk,346,2024-01-15
Allgemeinstrom,Kraftwerk,5,2024-01-16
Allgemeinstrom,Schaltstation,1,2024-01-16
Allgemeinstrom,Transformatorenstation,188,2024-01-16
Allgemeinstrom,Uebergangsbauwerk,6,2024-01-16
Allgemeinstrom,Unterwerk,346,2024-01-16
Allgemeinstrom,Kraftwerk,5,2024-01-17
Allgemeinstrom,Schaltstation,1,2024-01-17
Allgemeinstrom,Transformatorenstation,188,2024-01-17
Allgemeinstrom,Uebergangsbauwerk,6,2024-01-17
Allgemeinstrom,Unterwerk,346,2024-01-17
Allgemeinstrom,Kraftwerk,5,2024-01-18
Allgemeinstrom,Schaltstation,1,2024-01-18
Allgemeinstrom,Transformatorenstation,188,2024-01-18
Allgemeinstrom,Uebergangsbauwerk,6,2024-01-18
Allgemeinstrom,Unterwerk,346,2024-01-18
Allgemeinstrom,Kraftwerk,5,2024-01-19
Allgemeinstrom,Schaltstation,1,2024-01-19
Allgemeinstrom,Transformatorenstation,188,2024-01-19
Allgemeinstrom,Uebergangsbauwerk,6,2024-01-19
Allgemeinstrom,Unterwerk,346,2024-01-19
Allgemeinstrom,Kraftwerk,5,2024-01-20
Allgemeinstrom,Schaltstation,1,2024-01-20
Allgemeinstrom,Transformatorenstation,188,2024-01-20
Allgemeinstrom,Uebergangsbauwerk,6,2024-01-20
Allgemeinstrom,Unterwerk,346,2024-01-20
Allgemeinstrom,Kraftwerk,5,2024-01-21
Allgemeinstrom,Schaltstation,1,2024-01-21
Allgemeinstrom,Transformatorenstation,188,2024-01-21
Allgemeinstrom,Uebergangsbauwerk,6,2024-01-21
Allgemeinstrom,Unterwerk,346,2024-01-21
Allgemeinstrom,Kraftwerk,5,2024-01-22
Allgemeinstrom,Schaltstation,1,2024-01-22
Allgemeinstrom,Transformatorenstation,188,2024-01-22
Allgemeinstrom,Uebergangsbauwerk,6,2024-01-22
Allgemeinstrom,Unterwerk,346,2024-01-22
Allgemeinstrom,Kraftwerk,5,2024-01-23
Allgemeinstrom,Schaltstation,1,2024-01-23
Allgemeinstrom,Transformatorenstation,188,2024-01-23
Allgemeinstrom,Uebergangsbauwerk,6,2024-01-23
Allgemeinstrom,Unterwerk,346,2024-01-23
Allgemeinstrom,Kraftwerk,5,2024-01-24
Allgemeinstrom,Schaltstation,1,2024-01-24
Allgemeinstrom,Transformatorenstation,188,2024-01-24
Allgemeinstrom,Uebergangsbauwerk,6,2024-01-24
Allgemeinstrom,Unterwerk,346,2024-01-24
Allgemeinstrom,Kraftwerk,5,2024-01-25
Allgemeinstrom,Schaltstation,1,2024-01-25
Allgemeinstrom,Transformatorenstation,199,2024-01-25
Allgemeinstrom,Uebergangsbauwerk,6,2024-01-25
Allgemeinstrom,Unterwerk,370,2024-01-25
Allgemeinstrom,Kraftwerk,5,2024-01-26
Allgemeinstrom,Schaltstation,1,2024-01-26
Allgemeinstrom,Transformatorenstation,199,2024-01-26
Allgemeinstrom,Uebergangsbauwerk,6,2024-01-26
Allgemeinstrom,Unterwerk,370,2024-01-26
Allgemeinstrom,Kraftwerk,5,2024-01-27
Allgemeinstrom,Schaltstation,1,2024-01-27
Allgemeinstrom,Transformatorenstation,199,2024-01-27
Allgemeinstrom,Uebergangsbauwerk,6,2024-01-27
Allgemeinstrom,Unterwerk,370,2024-01-27
Allgemeinstrom,Kraftwerk,5,2024-01-28
Allgemeinstrom,Schaltstation,1,2024-01-28
Allgemeinstrom,Transformatorenstation,199,2024-01-28
Allgemeinstrom,Uebergangsbauwerk,6,2024-01-28
Allgemeinstrom,Unterwerk,370,2024-01-28
Allgemeinstrom,Kraftwerk,5,2024-01-29
Allgemeinstrom,Schaltstation,1,2024-01-29
Allgemeinstrom,Transformatorenstation,199,2024-01-29
Allgemeinstrom,Uebergangsbauwerk,6,2024-01-29
Allgemeinstrom,Unterwerk,370,2024-01-29
Allgemeinstrom,Kraftwerk,5,2024-01-30
Allgemeinstrom,Schaltstation,1,2024-01-30
Allgemeinstrom,Transformatorenstation,199,2024-01-30
Allgemeinstrom,Uebergangsbauwerk,6,2024-01-30
Allgemeinstrom,Unterwerk,370,2024-01-30
Allgemeinstrom,Kraftwerk,5,2024-01-31
Allgemeinstrom,Schaltstation,1,2024-01-31
Allgemeinstrom,Transformatorenstation,199,2024-01-31
Allgemeinstrom,Uebergangsbauwerk,6,2024-01-31
Allgemeinstrom,Unterwerk,370,2024-01-31
Allgemeinstrom,Kraftwerk,5,2024-02-01
Allgemeinstrom,Schaltstation,1,2024-02-01
Allgemeinstrom,Transformatorenstation,199,2024-02-01
Allgemeinstrom,Uebergangsbauwerk,6,2024-02-01
Allgemeinstrom,Unterwerk,370,2024-02-01
Allgemeinstrom,Kraftwerk,5,2024-02-02
Allgemeinstrom,Schaltstation,1,2024-02-02
Allgemeinstrom,Transformatorenstation,199,2024-02-02
Allgemeinstrom,Uebergangsbauwerk,6,2024-02-02
Allgemeinstrom,Unterwerk,370,2024-02-02
Allgemeinstrom,Kraftwerk,5,2024-02-03
Allgemeinstrom,Schaltstation,1,2024-02-03
Allgemeinstrom,Transformatorenstation,199,2024-02-03
Allgemeinstrom,Uebergangsbauwerk,6,2024-02-03
Allgemeinstrom,Unterwerk,370,2024-02-03
Allgemeinstrom,Kraftwerk,5,2024-02-04
Allgemeinstrom,Schaltstation,1,2024-02-04
Allgemeinstrom,Transformatorenstation,199,2024-02-04
Allgemeinstrom,Uebergangsbauwerk,6,2024-02-04
Allgemeinstrom,Unterwerk,370,2024-02-04
Allgemeinstrom,Kraftwerk,5,2024-02-05
Allgemeinstrom,Schaltstation,1,2024-02-05
Allgemeinstrom,Transformatorenstation,199,2024-02-05
Allgemeinstrom,Uebergangsbauwerk,6,2024-02-05
Allgemeinstrom,Unterwerk,370,2024-02-05
Allgemeinstrom,Kraftwerk,5,2024-02-06
Allgemeinstrom,Schaltstation,1,2024-02-06
Allgemeinstrom,Transformatorenstation,199,2024-02-06
Allgemeinstrom,Uebergangsbauwerk,6,2024-02-06
Allgemeinstrom,Unterwerk,370,2024-02-06
Allgemeinstrom,Kraftwerk,5,2024-02-07
Allgemeinstrom,Schaltstation,1,2024-02-07
Allgemeinstrom,Transformatorenstation,199,2024-02-07
Allgemeinstrom,Uebergangsbauwerk,6,2024-02-07
Allgemeinstrom,Unterwerk,370,2024-02-07
Allgemeinstrom,Kraftwerk,5,2024-02-08
Allgemeinstrom,Schaltstation,1,2024-02-08
Allgemeinstrom,Transformatorenstation,199,2024-02-08
Allgemeinstrom,Uebergangsbauwerk,6,2024-02-08
Allgemeinstrom,Unterwerk,370,2024-02-08
Allgemeinstrom,Kraftwerk,5,2024-02-09
Allgemeinstrom,Schaltstation,1,2024-02-09
Allgemeinstrom,Transformatorenstation,199,2024-02-09
Allgemeinstrom,Uebergangsbauwerk,6,2024-02-09
Allgemeinstrom,Unterwerk,370,2024-02-09
Allgemeinstrom,Kraftwerk,5,2024-02-10
Allgemeinstrom,Schaltstation,1,2024-02-10
Allgemeinstrom,Transformatorenstation,199,2024-02-10
Allgemeinstrom,Uebergangsbauwerk,6,2024-02-10
Allgemeinstrom,Unterwerk,370,2024-02-10
Allgemeinstrom,Kraftwerk,5,2024-02-11
Allgemeinstrom,Schaltstation,1,2024-02-11
Allgemeinstrom,Transformatorenstation,199,2024-02-11
Allgemeinstrom,Uebergangsbauwerk,6,2024-02-11
Allgemeinstrom,Unterwerk,370,2024-02-11
Allgemeinstrom,Kraftwerk,5,2024-02-12
Allgemeinstrom,Schaltstation,1,2024-02-12
Allgemeinstrom,Transformatorenstation,199,2024-02-12
Allgemeinstrom,Uebergangsbauwerk,6,2024-02-12
Allgemeinstrom,Unterwerk,370,2024-02-12
Allgemeinstrom,Kraftwerk,5,2024-02-13
Allgemeinstrom,Schaltstation,1,2024-02-13
Allgemeinstrom,Transformatorenstation,199,2024-02-13
Allgemeinstrom,Uebergangsbauwerk,6,2024-02-13
Allgemeinstrom,Unterwerk,370,2024-02-13
Allgemeinstrom,Kraftwerk,5,2024-02-14
Allgemeinstrom,Schaltstation,1,2024-02-14
Allgemeinstrom,Transformatorenstation,199,2024-02-14
Allgemeinstrom,Uebergangsbauwerk,6,2024-02-14
Allgemeinstrom,Unterwerk,370,2024-02-14
Allgemeinstrom,Kraftwerk,5,2024-02-15
Allgemeinstrom,Schaltstation,1,2024-02-15
Allgemeinstrom,Transformatorenstation,199,2024-02-15
Allgemeinstrom,Uebergangsbauwerk,6,2024-02-15
Allgemeinstrom,Unterwerk,370,2024-02-15
Allgemeinstrom,Kraftwerk,5,2024-02-16
Allgemeinstrom,Schaltstation,1,2024-02-16
Allgemeinstrom,Transformatorenstation,199,2024-02-16
Allgemeinstrom,Uebergangsbauwerk,6,2024-02-16
Allgemeinstrom,Unterwerk,370,2024-02-16
Allgemeinstrom,Kraftwerk,5,2024-02-17
Allgemeinstrom,Schaltstation,1,2024-02-17
Allgemeinstrom,Transformatorenstation,199,2024-02-17
Allgemeinstrom,Uebergangsbauwerk,6,2024-02-17
Allgemeinstrom,Unterwerk,370,2024-02-17
Allgemeinstrom,Kraftwerk,5,2024-02-18
Allgemeinstrom,Schaltstation,1,2024-02-18
Allgemeinstrom,Transformatorenstation,199,2024-02-18
Allgemeinstrom,Uebergangsbauwerk,6,2024-02-18
Allgemeinstrom,Unterwerk,370,2024-02-18
Allgemeinstrom,Kraftwerk,5,2024-02-19
Allgemeinstrom,Schaltstation,1,2024-02-19
Allgemeinstrom,Transformatorenstation,199,2024-02-19
Allgemeinstrom,Uebergangsbauwerk,6,2024-02-19
Allgemeinstrom,Unterwerk,370,2024-02-19
Allgemeinstrom,Kraftwerk,5,2024-02-20
Allgemeinstrom,Schaltstation,1,2024-02-20
Allgemeinstrom,Transformatorenstation,199,2024-02-20
Allgemeinstrom,Uebergangsbauwerk,6,2024-02-20
Allgemeinstrom,Unterwerk,370,2024-02-20
Allgemeinstrom,Kraftwerk,5,2024-02-21
Allgemeinstrom,Schaltstation,1,2024-02-21
Allgemeinstrom,Transformatorenstation,199,2024-02-21
Allgemeinstrom,Uebergangsbauwerk,6,2024-02-21
Allgemeinstrom,Unterwerk,370,2024-02-21
Allgemeinstrom,Kraftwerk,5,2024-02-22
Allgemeinstrom,Schaltstation,1,2024-02-22
Allgemeinstrom,Transformatorenstation,199,2024-02-22
Allgemeinstrom,Uebergangsbauwerk,6,2024-02-22
Allgemeinstrom,Unterwerk,370,2024-02-22
Allgemeinstrom,Kraftwerk,5,2024-02-23
Allgemeinstrom,Schaltstation,1,2024-02-23
Allgemeinstrom,Transformatorenstation,199,2024-02-23
Allgemeinstrom,Uebergangsbauwerk,6,2024-02-23
Allgemeinstrom,Unterwerk,370,2024-02-23
Allgemeinstrom,Kraftwerk,5,2024-02-24
Allgemeinstrom,Schaltstation,1,2024-02-24
Allgemeinstrom,Transformatorenstation,199,2024-02-24
Allgemeinstrom,Uebergangsbauwerk,6,2024-02-24
Allgemeinstrom,Unterwerk,370,2024-02-24
Allgemeinstrom,Kraftwerk,5,2024-02-25
Allgemeinstrom,Schaltstation,1,2024-02-25
Allgemeinstrom,Transformatorenstation,199,2024-02-25
Allgemeinstrom,Uebergangsbauwerk,6,2024-02-25
Allgemeinstrom,Unterwerk,370,2024-02-25
Allgemeinstrom,Kraftwerk,5,2024-02-26
Allgemeinstrom,Schaltstation,1,2024-02-26
Allgemeinstrom,Transformatorenstation,199,2024-02-26
Allgemeinstrom,Uebergangsbauwerk,6,2024-02-26
Allgemeinstrom,Unterwerk,370,2024-02-26
Allgemeinstrom,Kraftwerk,5,2024-02-27
Allgemeinstrom,Schaltstation,1,2024-02-27
Allgemeinstrom,Transformatorenstation,199,2024-02-27
Allgemeinstrom,Uebergangsbauwerk,6,2024-02-27
Allgemeinstrom,Unterwerk,370,2024-02-27
Allgemeinstrom,Kraftwerk,5,2024-02-28
Allgemeinstrom,Schaltstation,1,2024-02-28
Allgemeinstrom,Transformatorenstation,199,2024-02-28
Allgemeinstrom,Uebergangsbauwerk,6,2024-02-28
Allgemeinstrom,Unterwerk,370,2024-02-28
Allgemeinstrom,Kraftwerk,5,2024-02-29
Allgemeinstrom,Schaltstation,1,2024-02-29
Allgemeinstrom,Transformatorenstation,199,2024-02-29
Allgemeinstrom,Uebergangsbauwerk,6,2024-02-29
Allgemeinstrom,Unterwerk,370,2024-02-29
Allgemeinstrom,Kraftwerk,5,2024-03-01
Allgemeinstrom,Schaltstation,1,2024-03-01
Allgemeinstrom,Transformatorenstation,199,2024-03-01
Allgemeinstrom,Uebergangsbauwerk,6,2024-03-01
Allgemeinstrom,Unterwerk,370,2024-03-01
Allgemeinstrom,Kraftwerk,5,2024-03-02
Allgemeinstrom,Schaltstation,1,2024-03-02
Allgemeinstrom,Transformatorenstation,199,2024-03-02
Allgemeinstrom,Uebergangsbauwerk,6,2024-03-02
Allgemeinstrom,Unterwerk,370,2024-03-02
Allgemeinstrom,Kraftwerk,5,2024-03-03
Allgemeinstrom,Schaltstation,1,2024-03-03
Allgemeinstrom,Transformatorenstation,199,2024-03-03
Allgemeinstrom,Uebergangsbauwerk,6,2024-03-03
Allgemeinstrom,Unterwerk,370,2024-03-03
Allgemeinstrom,Kraftwerk,5,2024-03-04
Allgemeinstrom,Schaltstation,1,2024-03-04
Allgemeinstrom,Transformatorenstation,199,2024-03-04
Allgemeinstrom,Uebergangsbauwerk,6,2024-03-04
Allgemeinstrom,Unterwerk,370,2024-03-04
Allgemeinstrom,Kraftwerk,5,2024-03-05
Allgemeinstrom,Schaltstation,1,2024-03-05
Allgemeinstrom,Transformatorenstation,199,2024-03-05
Allgemeinstrom,Uebergangsbauwerk,6,2024-03-05
Allgemeinstrom,Unterwerk,370,2024-03-05
Allgemeinstrom,Kraftwerk,5,2024-03-06
Allgemeinstrom,Schaltstation,1,2024-03-06
Allgemeinstrom,Transformatorenstation,199,2024-03-06
Allgemeinstrom,Uebergangsbauwerk,6,2024-03-06
Allgemeinstrom,Unterwerk,370,2024-03-06
Allgemeinstrom,Kraftwerk,5,2024-03-07
Allgemeinstrom,Schaltstation,1,2024-03-07
Allgemeinstrom,Transformatorenstation,199,2024-03-07
Allgemeinstrom,Uebergangsbauwerk,6,2024-03-07
Allgemeinstrom,Unterwerk,370,2024-03-07
Allgemeinstrom,Kraftwerk,5,2024-03-08
Allgemeinstrom,Schaltstation,1,2024-03-08
Allgemeinstrom,Transformatorenstation,199,2024-03-08
Allgemeinstrom,Uebergangsbauwerk,6,2024-03-08
Allgemeinstrom,Unterwerk,370,2024-03-08
Allgemeinstrom,Kraftwerk,5,2024-03-09
Allgemeinstrom,Schaltstation,1,2024-03-09
Allgemeinstrom,Transformatorenstation,199,2024-03-09
Allgemeinstrom,Uebergangsbauwerk,6,2024-03-09
Allgemeinstrom,Unterwerk,370,2024-03-09
Allgemeinstrom,Kraftwerk,5,2024-03-10
Allgemeinstrom,Schaltstation,1,2024-03-10
Allgemeinstrom,Transformatorenstation,199,2024-03-10
Allgemeinstrom,Uebergangsbauwerk,6,2024-03-10
Allgemeinstrom,Unterwerk,370,2024-03-10
Allgemeinstrom,Kraftwerk,5,2024-03-11
Allgemeinstrom,Schaltstation,1,2024-03-11
Allgemeinstrom,Transformatorenstation,199,2024-03-11
Allgemeinstrom,Uebergangsbauwerk,6,2024-03-11
Allgemeinstrom,Unterwerk,370,2024-03-11
Allgemeinstrom,Kraftwerk,5,2024-03-12
Allgemeinstrom,Schaltstation,1,2024-03-12
Allgemeinstrom,Transformatorenstation,199,2024-03-12
Allgemeinstrom,Uebergangsbauwerk,6,2024-03-12
Allgemeinstrom,Unterwerk,370,2024-03-12
Allgemeinstrom,Kraftwerk,5,2024-03-13
Allgemeinstrom,Schaltstation,1,2024-03-13
Allgemeinstrom,Transformatorenstation,209,2024-03-13
Allgemeinstrom,Uebergangsbauwerk,8,2024-03-13
Allgemeinstrom,Unterwerk,370,2024-03-13
Allgemeinstrom,Kraftwerk,5,2024-03-14
Allgemeinstrom,Schaltstation,1,2024-03-14
Allgemeinstrom,Transformatorenstation,209,2024-03-14
Allgemeinstrom,Uebergangsbauwerk,8,2024-03-14
Allgemeinstrom,Unterwerk,370,2024-03-14
Allgemeinstrom,Kraftwerk,5,2024-03-15
Allgemeinstrom,Schaltstation,1,2024-03-15
Allgemeinstrom,Transformatorenstation,209,2024-03-15
Allgemeinstrom,Uebergangsbauwerk,8,2024-03-15
Allgemeinstrom,Unterwerk,370,2024-03-15
Allgemeinstrom,Kraftwerk,5,2024-03-16
Allgemeinstrom,Schaltstation,1,2024-03-16
Allgemeinstrom,Transformatorenstation,209,2024-03-16
Allgemeinstrom,Uebergangsbauwerk,8,2024-03-16
Allgemeinstrom,Unterwerk,370,2024-03-16
Allgemeinstrom,Kraftwerk,5,2024-03-17
Allgemeinstrom,Schaltstation,1,2024-03-17
Allgemeinstrom,Transformatorenstation,209,2024-03-17
Allgemeinstrom,Uebergangsbauwerk,8,2024-03-17
Allgemeinstrom,Unterwerk,370,2024-03-17
Allgemeinstrom,Kraftwerk,5,2024-03-18
Allgemeinstrom,Schaltstation,1,2024-03-18
Allgemeinstrom,Transformatorenstation,209,2024-03-18
Allgemeinstrom,Uebergangsbauwerk,8,2024-03-18
Allgemeinstrom,Unterwerk,370,2024-03-18
Allgemeinstrom,Kraftwerk,5,2024-03-19
Allgemeinstrom,Schaltstation,1,2024-03-19
Allgemeinstrom,Transformatorenstation,209,2024-03-19
Allgemeinstrom,Uebergangsbauwerk,8,2024-03-19
Allgemeinstrom,Unterwerk,370,2024-03-19
Allgemeinstrom,Kraftwerk,5,2024-03-20
Allgemeinstrom,Schaltstation,1,2024-03-20
Allgemeinstrom,Transformatorenstation,209,2024-03-20
Allgemeinstrom,Uebergangsbauwerk,8,2024-03-20
Allgemeinstrom,Unterwerk,370,2024-03-20
Allgemeinstrom,Kraftwerk,5,2024-03-21
Allgemeinstrom,Schaltstation,1,2024-03-21
Allgemeinstrom,Transformatorenstation,209,2024-03-21
Allgemeinstrom,Uebergangsbauwerk,8,2024-03-21
Allgemeinstrom,Unterwerk,370,2024-03-21
